measurement_seq_number,stop_id,count
0,盈港客运站,0.0
0,盈港路漕盈路(西),0.0
0,盈港路漕盈路,0.0
0,盈港路胜利路,0.0
0,盈港路万寿路,0.0
0,盈港路城中北路,0.0
0,城中北路万寿二路,0.0
0,城中北路青赵公路,0.0
0,城中北路三元路,0.0
0,城中南路城中东路,0.0
0,城中南路老朱青路,0.0
0,城中南路沪青平公路,0.0
0,青松路沪青平公路,0.0
0,青松路城中东路,0.0
0,城中东路章浜路,0.0
0,城中东路浦仓路,0.0
0,城中东路保安路,0.0
0,公园路外青松公路,0.0
0,公园东路华青路,0.0
0,公园东路华浦路,0.0
0,公园东路华乐路,0.0
0,华乐路华科路,0.0
0,盈港东路崧文路,0.0
0,盈港东路汇金路,0.0
0,汇金路站,0.0
0,漕盈路站,0.0
0,胜利路盈福路,0.0
0,青赵公路盈中西路,0.0
0,卫中路盈中西路,0.0
0,城中西路卫中路,0.0
0,五厍浜路城中西路,0.0
0,五厍浜路老朱青路,0.0
0,环城东路城中南路,0.0
0,北淀浦河路章浜路,0.0
0,浦仓路北淀浦河路,0.0
0,青龙路华青南路,0.0
0,青舟支路华民路,0.0
0,华浦南路青舟支路,0.0
0,盈港路青安路,0.0
0,青安路沙埭浜路,0.0
0,青安路医院路,0.0
0,外青松公路沪青平公路,0.0
0,青湖路外青松公路,0.0
0,青湖路华青南路,0.0
0,青湖路华浦南路,0.0
0,青湖路华乐路,0.0
0,华乐路青湖路,0.0
0,青舟支路华乐路,0.0
0,浦仓路界泾港路,0.0
0,浦仓路体育场路,0.0
0,公园路浦仓路,0.0
0,公园路保安路,0.0
0,华浦路华科路,0.0
0,盈港东路华乐路,0.0
0,秀禾路崧泉路,0.0
1,盈港客运站,0.0
1,盈港路漕盈路(西),0.0
1,盈港路漕盈路,0.0
1,盈港路胜利路,0.0
1,盈港路万寿路,0.0
1,盈港路城中北路,0.0
1,城中北路万寿二路,0.0
1,城中北路青赵公路,0.0
1,城中北路三元路,0.0
1,城中南路城中东路,0.0
1,城中南路老朱青路,0.0
1,城中南路沪青平公路,0.0
1,青松路沪青平公路,0.0
1,青松路城中东路,0.0
1,城中东路章浜路,0.0
1,城中东路浦仓路,0.0
1,城中东路保安路,0.0
1,公园路外青松公路,0.0
1,公园东路华青路,0.0
1,公园东路华浦路,0.0
1,公园东路华乐路,0.0
1,华乐路华科路,0.0
1,盈港东路崧文路,0.0
1,盈港东路汇金路,0.0
1,汇金路站,0.0
1,漕盈路站,0.0
1,胜利路盈福路,0.0
1,青赵公路盈中西路,0.0
1,卫中路盈中西路,0.0
1,城中西路卫中路,0.0
1,五厍浜路城中西路,0.0
1,五厍浜路老朱青路,0.0
1,环城东路城中南路,0.0
1,北淀浦河路章浜路,0.0
1,浦仓路北淀浦河路,0.0
1,青龙路华青南路,0.0
1,青舟支路华民路,0.0
1,华浦南路青舟支路,0.0
1,盈港路青安路,0.0
1,青安路沙埭浜路,0.0
1,青安路医院路,0.0
1,外青松公路沪青平公路,0.0
1,青湖路外青松公路,0.0
1,青湖路华青南路,0.0
1,青湖路华浦南路,0.0
1,青湖路华乐路,0.0
1,华乐路青湖路,0.0
1,青舟支路华乐路,0.0
1,浦仓路界泾港路,0.0
1,浦仓路体育场路,0.0
1,公园路浦仓路,0.0
1,公园路保安路,0.0
1,华浦路华科路,0.0
1,盈港东路华乐路,0.0
1,秀禾路崧泉路,0.0
2,盈港客运站,0.0
2,盈港路漕盈路(西),0.0
2,盈港路漕盈路,0.0
2,盈港路胜利路,0.0
2,盈港路万寿路,0.0
2,盈港路城中北路,0.0
2,城中北路万寿二路,0.0
2,城中北路青赵公路,0.0
2,城中北路三元路,0.0
2,城中南路城中东路,0.0
2,城中南路老朱青路,0.0
2,城中南路沪青平公路,0.0
2,青松路沪青平公路,0.0
2,青松路城中东路,0.0
2,城中东路章浜路,0.0
2,城中东路浦仓路,0.0
2,城中东路保安路,0.0
2,公园路外青松公路,0.0
2,公园东路华青路,0.0
2,公园东路华浦路,0.0
2,公园东路华乐路,0.0
2,华乐路华科路,0.0
2,盈港东路崧文路,0.0
2,盈港东路汇金路,0.0
2,汇金路站,0.0
2,漕盈路站,0.0
2,胜利路盈福路,0.0
2,青赵公路盈中西路,0.0
2,卫中路盈中西路,0.0
2,城中西路卫中路,0.0
2,五厍浜路城中西路,0.0
2,五厍浜路老朱青路,0.0
2,环城东路城中南路,0.0
2,北淀浦河路章浜路,0.0
2,浦仓路北淀浦河路,0.0
2,青龙路华青南路,0.0
2,青舟支路华民路,0.0
2,华浦南路青舟支路,0.0
2,盈港路青安路,0.0
2,青安路沙埭浜路,0.0
2,青安路医院路,0.0
2,外青松公路沪青平公路,0.0
2,青湖路外青松公路,0.0
2,青湖路华青南路,0.0
2,青湖路华浦南路,0.0
2,青湖路华乐路,0.0
2,华乐路青湖路,0.0
2,青舟支路华乐路,0.0
2,浦仓路界泾港路,0.0
2,浦仓路体育场路,0.0
2,公园路浦仓路,0.0
2,公园路保安路,0.0
2,华浦路华科路,0.0
2,盈港东路华乐路,0.0
2,秀禾路崧泉路,0.0
3,盈港客运站,0.0
3,盈港路漕盈路(西),0.0
3,盈港路漕盈路,0.0
3,盈港路胜利路,0.0
3,盈港路万寿路,0.0
3,盈港路城中北路,0.0
3,城中北路万寿二路,0.0
3,城中北路青赵公路,0.0
3,城中北路三元路,0.0
3,城中南路城中东路,0.0
3,城中南路老朱青路,0.0
3,城中南路沪青平公路,0.0
3,青松路沪青平公路,0.0
3,青松路城中东路,0.0
3,城中东路章浜路,0.0
3,城中东路浦仓路,0.0
3,城中东路保安路,0.0
3,公园路外青松公路,0.0
3,公园东路华青路,0.0
3,公园东路华浦路,0.0
3,公园东路华乐路,0.0
3,华乐路华科路,0.0
3,盈港东路崧文路,0.0
3,盈港东路汇金路,0.0
3,汇金路站,0.0
3,漕盈路站,0.0
3,胜利路盈福路,0.0
3,青赵公路盈中西路,0.0
3,卫中路盈中西路,0.0
3,城中西路卫中路,0.0
3,五厍浜路城中西路,0.0
3,五厍浜路老朱青路,0.0
3,环城东路城中南路,0.0
3,北淀浦河路章浜路,0.0
3,浦仓路北淀浦河路,0.0
3,青龙路华青南路,0.0
3,青舟支路华民路,0.0
3,华浦南路青舟支路,0.0
3,盈港路青安路,0.0
3,青安路沙埭浜路,0.0
3,青安路医院路,0.0
3,外青松公路沪青平公路,0.0
3,青湖路外青松公路,0.0
3,青湖路华青南路,0.0
3,青湖路华浦南路,0.0
3,青湖路华乐路,0.0
3,华乐路青湖路,0.0
3,青舟支路华乐路,0.0
3,浦仓路界泾港路,0.0
3,浦仓路体育场路,0.0
3,公园路浦仓路,0.0
3,公园路保安路,0.0
3,华浦路华科路,0.0
3,盈港东路华乐路,0.0
3,秀禾路崧泉路,0.0
4,盈港客运站,0.0
4,盈港路漕盈路(西),0.0
4,盈港路漕盈路,0.0
4,盈港路胜利路,0.0
4,盈港路万寿路,0.0
4,盈港路城中北路,0.0
4,城中北路万寿二路,0.0
4,城中北路青赵公路,0.0
4,城中北路三元路,0.0
4,城中南路城中东路,0.0
4,城中南路老朱青路,0.0
4,城中南路沪青平公路,0.0
4,青松路沪青平公路,0.0
4,青松路城中东路,0.0
4,城中东路章浜路,0.0
4,城中东路浦仓路,0.0
4,城中东路保安路,0.0
4,公园路外青松公路,0.0
4,公园东路华青路,0.0
4,公园东路华浦路,0.0
4,公园东路华乐路,0.0
4,华乐路华科路,0.0
4,盈港东路崧文路,0.0
4,盈港东路汇金路,0.0
4,汇金路站,0.0
4,漕盈路站,0.0
4,胜利路盈福路,0.0
4,青赵公路盈中西路,0.0
4,卫中路盈中西路,0.0
4,城中西路卫中路,0.0
4,五厍浜路城中西路,0.0
4,五厍浜路老朱青路,0.0
4,环城东路城中南路,0.0
4,北淀浦河路章浜路,0.0
4,浦仓路北淀浦河路,0.0
4,青龙路华青南路,0.0
4,青舟支路华民路,0.0
4,华浦南路青舟支路,0.0
4,盈港路青安路,0.0
4,青安路沙埭浜路,0.0
4,青安路医院路,0.0
4,外青松公路沪青平公路,0.0
4,青湖路外青松公路,0.0
4,青湖路华青南路,0.0
4,青湖路华浦南路,0.0
4,青湖路华乐路,0.0
4,华乐路青湖路,0.0
4,青舟支路华乐路,0.0
4,浦仓路界泾港路,0.0
4,浦仓路体育场路,0.0
4,公园路浦仓路,0.0
4,公园路保安路,0.0
4,华浦路华科路,0.0
4,盈港东路华乐路,0.0
4,秀禾路崧泉路,0.0
5,盈港客运站,0.0
5,盈港路漕盈路(西),0.0
5,盈港路漕盈路,0.0
5,盈港路胜利路,0.0
5,盈港路万寿路,0.0
5,盈港路城中北路,0.0
5,城中北路万寿二路,0.0
5,城中北路青赵公路,0.0
5,城中北路三元路,0.0
5,城中南路城中东路,0.0
5,城中南路老朱青路,0.0
5,城中南路沪青平公路,0.0
5,青松路沪青平公路,0.0
5,青松路城中东路,0.0
5,城中东路章浜路,0.0
5,城中东路浦仓路,0.0
5,城中东路保安路,0.0
5,公园路外青松公路,0.0
5,公园东路华青路,0.0
5,公园东路华浦路,0.0
5,公园东路华乐路,0.0
5,华乐路华科路,0.0
5,盈港东路崧文路,0.0
5,盈港东路汇金路,0.0
5,汇金路站,0.0
5,漕盈路站,0.0
5,胜利路盈福路,0.0
5,青赵公路盈中西路,0.0
5,卫中路盈中西路,0.0
5,城中西路卫中路,0.0
5,五厍浜路城中西路,0.0
5,五厍浜路老朱青路,0.0
5,环城东路城中南路,0.0
5,北淀浦河路章浜路,0.0
5,浦仓路北淀浦河路,0.0
5,青龙路华青南路,0.0
5,青舟支路华民路,0.0
5,华浦南路青舟支路,0.0
5,盈港路青安路,0.0
5,青安路沙埭浜路,0.0
5,青安路医院路,0.0
5,外青松公路沪青平公路,0.0
5,青湖路外青松公路,0.0
5,青湖路华青南路,0.0
5,青湖路华浦南路,0.0
5,青湖路华乐路,0.0
5,华乐路青湖路,0.0
5,青舟支路华乐路,0.0
5,浦仓路界泾港路,0.0
5,浦仓路体育场路,0.0
5,公园路浦仓路,0.0
5,公园路保安路,0.0
5,华浦路华科路,0.0
5,盈港东路华乐路,0.0
5,秀禾路崧泉路,0.0
6,盈港客运站,0.0
6,盈港路漕盈路(西),0.0
6,盈港路漕盈路,0.0
6,盈港路胜利路,0.0
6,盈港路万寿路,0.0
6,盈港路城中北路,0.0
6,城中北路万寿二路,0.0
6,城中北路青赵公路,0.0
6,城中北路三元路,0.0
6,城中南路城中东路,0.0
6,城中南路老朱青路,0.0
6,城中南路沪青平公路,0.0
6,青松路沪青平公路,0.0
6,青松路城中东路,0.0
6,城中东路章浜路,0.0
6,城中东路浦仓路,0.0
6,城中东路保安路,0.0
6,公园路外青松公路,0.0
6,公园东路华青路,0.0
6,公园东路华浦路,0.0
6,公园东路华乐路,0.0
6,华乐路华科路,0.0
6,盈港东路崧文路,0.0
6,盈港东路汇金路,0.0
6,汇金路站,0.0
6,漕盈路站,0.0
6,胜利路盈福路,0.0
6,青赵公路盈中西路,0.0
6,卫中路盈中西路,0.0
6,城中西路卫中路,0.0
6,五厍浜路城中西路,0.0
6,五厍浜路老朱青路,0.0
6,环城东路城中南路,0.0
6,北淀浦河路章浜路,0.0
6,浦仓路北淀浦河路,0.0
6,青龙路华青南路,0.0
6,青舟支路华民路,0.0
6,华浦南路青舟支路,0.0
6,盈港路青安路,0.0
6,青安路沙埭浜路,0.0
6,青安路医院路,0.0
6,外青松公路沪青平公路,0.0
6,青湖路外青松公路,0.0
6,青湖路华青南路,0.0
6,青湖路华浦南路,0.0
6,青湖路华乐路,0.0
6,华乐路青湖路,0.0
6,青舟支路华乐路,0.0
6,浦仓路界泾港路,0.0
6,浦仓路体育场路,0.0
6,公园路浦仓路,0.0
6,公园路保安路,0.0
6,华浦路华科路,0.0
6,盈港东路华乐路,0.0
6,秀禾路崧泉路,0.0
7,盈港客运站,0.0
7,盈港路漕盈路(西),0.0
7,盈港路漕盈路,0.0
7,盈港路胜利路,0.0
7,盈港路万寿路,0.0
7,盈港路城中北路,0.0
7,城中北路万寿二路,0.0
7,城中北路青赵公路,0.0
7,城中北路三元路,0.0
7,城中南路城中东路,0.0
7,城中南路老朱青路,0.0
7,城中南路沪青平公路,0.0
7,青松路沪青平公路,0.0
7,青松路城中东路,0.0
7,城中东路章浜路,0.0
7,城中东路浦仓路,0.0
7,城中东路保安路,0.0
7,公园路外青松公路,0.0
7,公园东路华青路,0.0
7,公园东路华浦路,0.0
7,公园东路华乐路,0.0
7,华乐路华科路,0.0
7,盈港东路崧文路,0.0
7,盈港东路汇金路,0.0
7,汇金路站,0.0
7,漕盈路站,0.0
7,胜利路盈福路,0.0
7,青赵公路盈中西路,0.0
7,卫中路盈中西路,0.0
7,城中西路卫中路,0.0
7,五厍浜路城中西路,0.0
7,五厍浜路老朱青路,0.0
7,环城东路城中南路,0.0
7,北淀浦河路章浜路,0.0
7,浦仓路北淀浦河路,0.0
7,青龙路华青南路,0.0
7,青舟支路华民路,0.0
7,华浦南路青舟支路,0.0
7,盈港路青安路,0.0
7,青安路沙埭浜路,0.0
7,青安路医院路,0.0
7,外青松公路沪青平公路,0.0
7,青湖路外青松公路,0.0
7,青湖路华青南路,0.0
7,青湖路华浦南路,0.0
7,青湖路华乐路,0.0
7,华乐路青湖路,0.0
7,青舟支路华乐路,0.0
7,浦仓路界泾港路,0.0
7,浦仓路体育场路,0.0
7,公园路浦仓路,0.0
7,公园路保安路,0.0
7,华浦路华科路,0.0
7,盈港东路华乐路,0.0
7,秀禾路崧泉路,0.0
8,盈港客运站,0.0
8,盈港路漕盈路(西),0.0
8,盈港路漕盈路,0.0
8,盈港路胜利路,0.0
8,盈港路万寿路,0.0
8,盈港路城中北路,0.0
8,城中北路万寿二路,0.0
8,城中北路青赵公路,0.0
8,城中北路三元路,0.0
8,城中南路城中东路,0.0
8,城中南路老朱青路,0.0
8,城中南路沪青平公路,0.0
8,青松路沪青平公路,0.0
8,青松路城中东路,0.0
8,城中东路章浜路,0.0
8,城中东路浦仓路,0.0
8,城中东路保安路,0.0
8,公园路外青松公路,0.0
8,公园东路华青路,0.0
8,公园东路华浦路,0.0
8,公园东路华乐路,0.0
8,华乐路华科路,0.0
8,盈港东路崧文路,0.0
8,盈港东路汇金路,0.0
8,汇金路站,0.0
8,漕盈路站,0.0
8,胜利路盈福路,0.0
8,青赵公路盈中西路,0.0
8,卫中路盈中西路,0.0
8,城中西路卫中路,0.0
8,五厍浜路城中西路,0.0
8,五厍浜路老朱青路,0.0
8,环城东路城中南路,0.0
8,北淀浦河路章浜路,0.0
8,浦仓路北淀浦河路,0.0
8,青龙路华青南路,0.0
8,青舟支路华民路,0.0
8,华浦南路青舟支路,0.0
8,盈港路青安路,0.0
8,青安路沙埭浜路,0.0
8,青安路医院路,0.0
8,外青松公路沪青平公路,0.0
8,青湖路外青松公路,0.0
8,青湖路华青南路,0.0
8,青湖路华浦南路,0.0
8,青湖路华乐路,0.0
8,华乐路青湖路,0.0
8,青舟支路华乐路,0.0
8,浦仓路界泾港路,0.0
8,浦仓路体育场路,0.0
8,公园路浦仓路,0.0
8,公园路保安路,0.0
8,华浦路华科路,0.0
8,盈港东路华乐路,0.0
8,秀禾路崧泉路,0.0
9,盈港客运站,0.0
9,盈港路漕盈路(西),0.0
9,盈港路漕盈路,0.0
9,盈港路胜利路,0.0
9,盈港路万寿路,0.0
9,盈港路城中北路,0.0
9,城中北路万寿二路,0.0
9,城中北路青赵公路,0.0
9,城中北路三元路,0.0
9,城中南路城中东路,0.0
9,城中南路老朱青路,0.0
9,城中南路沪青平公路,0.0
9,青松路沪青平公路,0.0
9,青松路城中东路,0.0
9,城中东路章浜路,0.0
9,城中东路浦仓路,0.0
9,城中东路保安路,0.0
9,公园路外青松公路,0.0
9,公园东路华青路,0.0
9,公园东路华浦路,0.0
9,公园东路华乐路,0.0
9,华乐路华科路,0.0
9,盈港东路崧文路,0.0
9,盈港东路汇金路,0.0
9,汇金路站,0.0
9,漕盈路站,0.0
9,胜利路盈福路,0.0
9,青赵公路盈中西路,0.0
9,卫中路盈中西路,0.0
9,城中西路卫中路,0.0
9,五厍浜路城中西路,0.0
9,五厍浜路老朱青路,0.0
9,环城东路城中南路,0.0
9,北淀浦河路章浜路,0.0
9,浦仓路北淀浦河路,0.0
9,青龙路华青南路,0.0
9,青舟支路华民路,0.0
9,华浦南路青舟支路,0.0
9,盈港路青安路,0.0
9,青安路沙埭浜路,0.0
9,青安路医院路,0.0
9,外青松公路沪青平公路,0.0
9,青湖路外青松公路,0.0
9,青湖路华青南路,0.0
9,青湖路华浦南路,0.0
9,青湖路华乐路,0.0
9,华乐路青湖路,0.0
9,青舟支路华乐路,0.0
9,浦仓路界泾港路,0.0
9,浦仓路体育场路,0.0
9,公园路浦仓路,0.0
9,公园路保安路,0.0
9,华浦路华科路,0.0
9,盈港东路华乐路,0.0
9,秀禾路崧泉路,0.0
10,盈港客运站,0.0
10,盈港路漕盈路(西),0.0
10,盈港路漕盈路,0.0
10,盈港路胜利路,1.0
10,盈港路万寿路,0.0
10,盈港路城中北路,0.0
10,城中北路万寿二路,0.0
10,城中北路青赵公路,0.0
10,城中北路三元路,0.0
10,城中南路城中东路,0.0
10,城中南路老朱青路,0.0
10,城中南路沪青平公路,0.0
10,青松路沪青平公路,0.0
10,青松路城中东路,0.0
10,城中东路章浜路,0.0
10,城中东路浦仓路,0.0
10,城中东路保安路,2.0
10,公园路外青松公路,0.0
10,公园东路华青路,0.0
10,公园东路华浦路,2.0
10,公园东路华乐路,1.0
10,华乐路华科路,2.0
10,盈港东路崧文路,2.0
10,盈港东路汇金路,0.0
10,汇金路站,2.0
10,漕盈路站,0.0
10,胜利路盈福路,0.0
10,青赵公路盈中西路,0.0
10,卫中路盈中西路,0.0
10,城中西路卫中路,0.0
10,五厍浜路城中西路,0.0
10,五厍浜路老朱青路,0.0
10,环城东路城中南路,0.0
10,北淀浦河路章浜路,0.0
10,浦仓路北淀浦河路,0.0
10,青龙路华青南路,0.0
10,青舟支路华民路,0.0
10,华浦南路青舟支路,0.0
10,盈港路青安路,0.0
10,青安路沙埭浜路,0.0
10,青安路医院路,0.0
10,外青松公路沪青平公路,0.0
10,青湖路外青松公路,0.0
10,青湖路华青南路,0.0
10,青湖路华浦南路,0.0
10,青湖路华乐路,0.0
10,华乐路青湖路,0.0
10,青舟支路华乐路,0.0
10,浦仓路界泾港路,0.0
10,浦仓路体育场路,0.0
10,公园路浦仓路,0.0
10,公园路保安路,0.0
10,华浦路华科路,0.0
10,盈港东路华乐路,0.0
10,秀禾路崧泉路,0.0
11,盈港客运站,0.0
11,盈港路漕盈路(西),0.0
11,盈港路漕盈路,0.0
11,盈港路胜利路,0.0
11,盈港路万寿路,0.0
11,盈港路城中北路,0.0
11,城中北路万寿二路,0.0
11,城中北路青赵公路,0.0
11,城中北路三元路,0.0
11,城中南路城中东路,0.0
11,城中南路老朱青路,0.0
11,城中南路沪青平公路,0.0
11,青松路沪青平公路,0.0
11,青松路城中东路,0.0
11,城中东路章浜路,0.0
11,城中东路浦仓路,0.0
11,城中东路保安路,0.0
11,公园路外青松公路,0.0
11,公园东路华青路,0.0
11,公园东路华浦路,0.0
11,公园东路华乐路,0.0
11,华乐路华科路,0.0
11,盈港东路崧文路,0.0
11,盈港东路汇金路,0.0
11,汇金路站,0.0
11,漕盈路站,0.0
11,胜利路盈福路,0.0
11,青赵公路盈中西路,0.0
11,卫中路盈中西路,0.0
11,城中西路卫中路,0.0
11,五厍浜路城中西路,0.0
11,五厍浜路老朱青路,0.0
11,环城东路城中南路,0.0
11,北淀浦河路章浜路,0.0
11,浦仓路北淀浦河路,0.0
11,青龙路华青南路,0.0
11,青舟支路华民路,0.0
11,华浦南路青舟支路,0.0
11,盈港路青安路,0.0
11,青安路沙埭浜路,0.0
11,青安路医院路,0.0
11,外青松公路沪青平公路,0.0
11,青湖路外青松公路,0.0
11,青湖路华青南路,0.0
11,青湖路华浦南路,0.0
11,青湖路华乐路,0.0
11,华乐路青湖路,0.0
11,青舟支路华乐路,0.0
11,浦仓路界泾港路,0.0
11,浦仓路体育场路,0.0
11,公园路浦仓路,0.0
11,公园路保安路,0.0
11,华浦路华科路,0.0
11,盈港东路华乐路,0.0
11,秀禾路崧泉路,0.0
12,盈港客运站,3.0
12,盈港路漕盈路(西),4.0
12,盈港路漕盈路,6.0
12,盈港路胜利路,11.0
12,盈港路万寿路,7.0
12,盈港路城中北路,7.0
12,城中北路万寿二路,0.0
12,城中北路青赵公路,0.0
12,城中北路三元路,0.0
12,城中南路城中东路,0.0
12,城中南路老朱青路,0.0
12,城中南路沪青平公路,0.0
12,青松路沪青平公路,0.0
12,青松路城中东路,0.0
12,城中东路章浜路,4.0
12,城中东路浦仓路,3.0
12,城中东路保安路,5.0
12,公园路外青松公路,7.0
12,公园东路华青路,6.0
12,公园东路华浦路,9.0
12,公园东路华乐路,5.0
12,华乐路华科路,5.0
12,盈港东路崧文路,8.0
12,盈港东路汇金路,9.0
12,汇金路站,5.0
12,漕盈路站,0.0
12,胜利路盈福路,0.0
12,青赵公路盈中西路,0.0
12,卫中路盈中西路,0.0
12,城中西路卫中路,0.0
12,五厍浜路城中西路,0.0
12,五厍浜路老朱青路,0.0
12,环城东路城中南路,0.0
12,北淀浦河路章浜路,0.0
12,浦仓路北淀浦河路,0.0
12,青龙路华青南路,0.0
12,青舟支路华民路,0.0
12,华浦南路青舟支路,0.0
12,盈港路青安路,0.0
12,青安路沙埭浜路,0.0
12,青安路医院路,0.0
12,外青松公路沪青平公路,0.0
12,青湖路外青松公路,0.0
12,青湖路华青南路,0.0
12,青湖路华浦南路,0.0
12,青湖路华乐路,0.0
12,华乐路青湖路,0.0
12,青舟支路华乐路,0.0
12,浦仓路界泾港路,0.0
12,浦仓路体育场路,0.0
12,公园路浦仓路,0.0
12,公园路保安路,0.0
12,华浦路华科路,0.0
12,盈港东路华乐路,0.0
12,秀禾路崧泉路,0.0
13,盈港客运站,1.0
13,盈港路漕盈路(西),1.0
13,盈港路漕盈路,4.0
13,盈港路胜利路,12.0
13,盈港路万寿路,0.0
13,盈港路城中北路,2.0
13,城中北路万寿二路,0.0
13,城中北路青赵公路,0.0
13,城中北路三元路,0.0
13,城中南路城中东路,0.0
13,城中南路老朱青路,0.0
13,城中南路沪青平公路,0.0
13,青松路沪青平公路,0.0
13,青松路城中东路,0.0
13,城中东路章浜路,3.0
13,城中东路浦仓路,0.0
13,城中东路保安路,6.0
13,公园路外青松公路,0.0
13,公园东路华青路,0.0
13,公园东路华浦路,9.0
13,公园东路华乐路,6.0
13,华乐路华科路,1.0
13,盈港东路崧文路,16.0
13,盈港东路汇金路,9.0
13,汇金路站,3.0
13,漕盈路站,0.0
13,胜利路盈福路,0.0
13,青赵公路盈中西路,0.0
13,卫中路盈中西路,0.0
13,城中西路卫中路,0.0
13,五厍浜路城中西路,0.0
13,五厍浜路老朱青路,0.0
13,环城东路城中南路,0.0
13,北淀浦河路章浜路,0.0
13,浦仓路北淀浦河路,0.0
13,青龙路华青南路,0.0
13,青舟支路华民路,3.0
13,华浦南路青舟支路,4.0
13,盈港路青安路,0.0
13,青安路沙埭浜路,0.0
13,青安路医院路,0.0
13,外青松公路沪青平公路,0.0
13,青湖路外青松公路,0.0
13,青湖路华青南路,0.0
13,青湖路华浦南路,0.0
13,青湖路华乐路,0.0
13,华乐路青湖路,0.0
13,青舟支路华乐路,0.0
13,浦仓路界泾港路,0.0
13,浦仓路体育场路,0.0
13,公园路浦仓路,0.0
13,公园路保安路,0.0
13,华浦路华科路,0.0
13,盈港东路华乐路,0.0
13,秀禾路崧泉路,0.0
14,盈港客运站,0.0
14,盈港路漕盈路(西),0.0
14,盈港路漕盈路,0.0
14,盈港路胜利路,0.0
14,盈港路万寿路,0.0
14,盈港路城中北路,0.0
14,城中北路万寿二路,0.0
14,城中北路青赵公路,0.0
14,城中北路三元路,0.0
14,城中南路城中东路,0.0
14,城中南路老朱青路,0.0
14,城中南路沪青平公路,0.0
14,青松路沪青平公路,0.0
14,青松路城中东路,0.0
14,城中东路章浜路,0.0
14,城中东路浦仓路,0.0
14,城中东路保安路,0.0
14,公园路外青松公路,0.0
14,公园东路华青路,0.0
14,公园东路华浦路,0.0
14,公园东路华乐路,0.0
14,华乐路华科路,0.0
14,盈港东路崧文路,0.0
14,盈港东路汇金路,0.0
14,汇金路站,0.0
14,漕盈路站,0.0
14,胜利路盈福路,0.0
14,青赵公路盈中西路,0.0
14,卫中路盈中西路,0.0
14,城中西路卫中路,0.0
14,五厍浜路城中西路,0.0
14,五厍浜路老朱青路,0.0
14,环城东路城中南路,0.0
14,北淀浦河路章浜路,0.0
14,浦仓路北淀浦河路,0.0
14,青龙路华青南路,0.0
14,青舟支路华民路,0.0
14,华浦南路青舟支路,0.0
14,盈港路青安路,0.0
14,青安路沙埭浜路,0.0
14,青安路医院路,0.0
14,外青松公路沪青平公路,0.0
14,青湖路外青松公路,0.0
14,青湖路华青南路,0.0
14,青湖路华浦南路,0.0
14,青湖路华乐路,0.0
14,华乐路青湖路,0.0
14,青舟支路华乐路,0.0
14,浦仓路界泾港路,0.0
14,浦仓路体育场路,0.0
14,公园路浦仓路,0.0
14,公园路保安路,0.0
14,华浦路华科路,0.0
14,盈港东路华乐路,0.0
14,秀禾路崧泉路,0.0
15,盈港客运站,0.0
15,盈港路漕盈路(西),0.0
15,盈港路漕盈路,0.0
15,盈港路胜利路,0.0
15,盈港路万寿路,0.0
15,盈港路城中北路,0.0
15,城中北路万寿二路,0.0
15,城中北路青赵公路,0.0
15,城中北路三元路,0.0
15,城中南路城中东路,0.0
15,城中南路老朱青路,0.0
15,城中南路沪青平公路,0.0
15,青松路沪青平公路,0.0
15,青松路城中东路,0.0
15,城中东路章浜路,0.0
15,城中东路浦仓路,0.0
15,城中东路保安路,0.0
15,公园路外青松公路,0.0
15,公园东路华青路,0.0
15,公园东路华浦路,0.0
15,公园东路华乐路,0.0
15,华乐路华科路,0.0
15,盈港东路崧文路,0.0
15,盈港东路汇金路,0.0
15,汇金路站,0.0
15,漕盈路站,0.0
15,胜利路盈福路,0.0
15,青赵公路盈中西路,0.0
15,卫中路盈中西路,0.0
15,城中西路卫中路,0.0
15,五厍浜路城中西路,0.0
15,五厍浜路老朱青路,0.0
15,环城东路城中南路,0.0
15,北淀浦河路章浜路,0.0
15,浦仓路北淀浦河路,0.0
15,青龙路华青南路,0.0
15,青舟支路华民路,0.0
15,华浦南路青舟支路,0.0
15,盈港路青安路,0.0
15,青安路沙埭浜路,0.0
15,青安路医院路,0.0
15,外青松公路沪青平公路,0.0
15,青湖路外青松公路,0.0
15,青湖路华青南路,0.0
15,青湖路华浦南路,0.0
15,青湖路华乐路,0.0
15,华乐路青湖路,0.0
15,青舟支路华乐路,0.0
15,浦仓路界泾港路,0.0
15,浦仓路体育场路,0.0
15,公园路浦仓路,0.0
15,公园路保安路,0.0
15,华浦路华科路,0.0
15,盈港东路华乐路,0.0
15,秀禾路崧泉路,0.0
16,盈港客运站,0.0
16,盈港路漕盈路(西),0.0
16,盈港路漕盈路,0.0
16,盈港路胜利路,7.0
16,盈港路万寿路,5.0
16,盈港路城中北路,6.0
16,城中北路万寿二路,0.0
16,城中北路青赵公路,0.0
16,城中北路三元路,0.0
16,城中南路城中东路,0.0
16,城中南路老朱青路,0.0
16,城中南路沪青平公路,0.0
16,青松路沪青平公路,0.0
16,青松路城中东路,0.0
16,城中东路章浜路,0.0
16,城中东路浦仓路,0.0
16,城中东路保安路,0.0
16,公园路外青松公路,0.0
16,公园东路华青路,0.0
16,公园东路华浦路,7.0
16,公园东路华乐路,0.0
16,华乐路华科路,0.0
16,盈港东路崧文路,6.0
16,盈港东路汇金路,4.0
16,汇金路站,0.0
16,漕盈路站,0.0
16,胜利路盈福路,0.0
16,青赵公路盈中西路,0.0
16,卫中路盈中西路,0.0
16,城中西路卫中路,0.0
16,五厍浜路城中西路,0.0
16,五厍浜路老朱青路,0.0
16,环城东路城中南路,0.0
16,北淀浦河路章浜路,0.0
16,浦仓路北淀浦河路,0.0
16,青龙路华青南路,0.0
16,青舟支路华民路,0.0
16,华浦南路青舟支路,0.0
16,盈港路青安路,6.0
16,青安路沙埭浜路,0.0
16,青安路医院路,0.0
16,外青松公路沪青平公路,0.0
16,青湖路外青松公路,0.0
16,青湖路华青南路,0.0
16,青湖路华浦南路,0.0
16,青湖路华乐路,0.0
16,华乐路青湖路,0.0
16,青舟支路华乐路,0.0
16,浦仓路界泾港路,0.0
16,浦仓路体育场路,0.0
16,公园路浦仓路,0.0
16,公园路保安路,0.0
16,华浦路华科路,0.0
16,盈港东路华乐路,0.0
16,秀禾路崧泉路,0.0
17,盈港客运站,0.0
17,盈港路漕盈路(西),0.0
17,盈港路漕盈路,0.0
17,盈港路胜利路,0.0
17,盈港路万寿路,0.0
17,盈港路城中北路,0.0
17,城中北路万寿二路,0.0
17,城中北路青赵公路,0.0
17,城中北路三元路,0.0
17,城中南路城中东路,0.0
17,城中南路老朱青路,0.0
17,城中南路沪青平公路,0.0
17,青松路沪青平公路,0.0
17,青松路城中东路,0.0
17,城中东路章浜路,0.0
17,城中东路浦仓路,0.0
17,城中东路保安路,0.0
17,公园路外青松公路,0.0
17,公园东路华青路,0.0
17,公园东路华浦路,0.0
17,公园东路华乐路,0.0
17,华乐路华科路,0.0
17,盈港东路崧文路,0.0
17,盈港东路汇金路,0.0
17,汇金路站,0.0
17,漕盈路站,0.0
17,胜利路盈福路,0.0
17,青赵公路盈中西路,0.0
17,卫中路盈中西路,0.0
17,城中西路卫中路,0.0
17,五厍浜路城中西路,0.0
17,五厍浜路老朱青路,0.0
17,环城东路城中南路,0.0
17,北淀浦河路章浜路,0.0
17,浦仓路北淀浦河路,0.0
17,青龙路华青南路,0.0
17,青舟支路华民路,0.0
17,华浦南路青舟支路,0.0
17,盈港路青安路,0.0
17,青安路沙埭浜路,0.0
17,青安路医院路,0.0
17,外青松公路沪青平公路,0.0
17,青湖路外青松公路,0.0
17,青湖路华青南路,0.0
17,青湖路华浦南路,0.0
17,青湖路华乐路,0.0
17,华乐路青湖路,0.0
17,青舟支路华乐路,0.0
17,浦仓路界泾港路,0.0
17,浦仓路体育场路,0.0
17,公园路浦仓路,0.0
17,公园路保安路,0.0
17,华浦路华科路,0.0
17,盈港东路华乐路,0.0
17,秀禾路崧泉路,0.0
18,盈港客运站,0.0
18,盈港路漕盈路(西),0.0
18,盈港路漕盈路,0.0
18,盈港路胜利路,0.0
18,盈港路万寿路,0.0
18,盈港路城中北路,0.0
18,城中北路万寿二路,0.0
18,城中北路青赵公路,0.0
18,城中北路三元路,0.0
18,城中南路城中东路,0.0
18,城中南路老朱青路,0.0
18,城中南路沪青平公路,0.0
18,青松路沪青平公路,0.0
18,青松路城中东路,0.0
18,城中东路章浜路,0.0
18,城中东路浦仓路,0.0
18,城中东路保安路,0.0
18,公园路外青松公路,0.0
18,公园东路华青路,0.0
18,公园东路华浦路,0.0
18,公园东路华乐路,0.0
18,华乐路华科路,0.0
18,盈港东路崧文路,0.0
18,盈港东路汇金路,0.0
18,汇金路站,0.0
18,漕盈路站,0.0
18,胜利路盈福路,0.0
18,青赵公路盈中西路,0.0
18,卫中路盈中西路,0.0
18,城中西路卫中路,0.0
18,五厍浜路城中西路,0.0
18,五厍浜路老朱青路,0.0
18,环城东路城中南路,0.0
18,北淀浦河路章浜路,0.0
18,浦仓路北淀浦河路,0.0
18,青龙路华青南路,0.0
18,青舟支路华民路,0.0
18,华浦南路青舟支路,0.0
18,盈港路青安路,0.0
18,青安路沙埭浜路,0.0
18,青安路医院路,0.0
18,外青松公路沪青平公路,0.0
18,青湖路外青松公路,0.0
18,青湖路华青南路,0.0
18,青湖路华浦南路,0.0
18,青湖路华乐路,0.0
18,华乐路青湖路,0.0
18,青舟支路华乐路,0.0
18,浦仓路界泾港路,0.0
18,浦仓路体育场路,0.0
18,公园路浦仓路,0.0
18,公园路保安路,0.0
18,华浦路华科路,0.0
18,盈港东路华乐路,0.0
18,秀禾路崧泉路,0.0
19,盈港客运站,0.0
19,盈港路漕盈路(西),0.0
19,盈港路漕盈路,0.0
19,盈港路胜利路,0.0
19,盈港路万寿路,0.0
19,盈港路城中北路,0.0
19,城中北路万寿二路,0.0
19,城中北路青赵公路,0.0
19,城中北路三元路,0.0
19,城中南路城中东路,0.0
19,城中南路老朱青路,0.0
19,城中南路沪青平公路,0.0
19,青松路沪青平公路,0.0
19,青松路城中东路,0.0
19,城中东路章浜路,0.0
19,城中东路浦仓路,0.0
19,城中东路保安路,0.0
19,公园路外青松公路,0.0
19,公园东路华青路,0.0
19,公园东路华浦路,0.0
19,公园东路华乐路,0.0
19,华乐路华科路,0.0
19,盈港东路崧文路,0.0
19,盈港东路汇金路,0.0
19,汇金路站,0.0
19,漕盈路站,0.0
19,胜利路盈福路,0.0
19,青赵公路盈中西路,0.0
19,卫中路盈中西路,0.0
19,城中西路卫中路,0.0
19,五厍浜路城中西路,0.0
19,五厍浜路老朱青路,0.0
19,环城东路城中南路,0.0
19,北淀浦河路章浜路,0.0
19,浦仓路北淀浦河路,0.0
19,青龙路华青南路,0.0
19,青舟支路华民路,0.0
19,华浦南路青舟支路,0.0
19,盈港路青安路,0.0
19,青安路沙埭浜路,0.0
19,青安路医院路,0.0
19,外青松公路沪青平公路,0.0
19,青湖路外青松公路,0.0
19,青湖路华青南路,0.0
19,青湖路华浦南路,0.0
19,青湖路华乐路,0.0
19,华乐路青湖路,0.0
19,青舟支路华乐路,0.0
19,浦仓路界泾港路,0.0
19,浦仓路体育场路,0.0
19,公园路浦仓路,0.0
19,公园路保安路,0.0
19,华浦路华科路,0.0
19,盈港东路华乐路,0.0
19,秀禾路崧泉路,0.0
20,盈港客运站,4.0
20,盈港路漕盈路(西),4.0
20,盈港路漕盈路,1.0
20,盈港路胜利路,3.0
20,盈港路万寿路,3.0
20,盈港路城中北路,5.0
20,城中北路万寿二路,0.0
20,城中北路青赵公路,0.0
20,城中北路三元路,0.0
20,城中南路城中东路,0.0
20,城中南路老朱青路,0.0
20,城中南路沪青平公路,0.0
20,青松路沪青平公路,0.0
20,青松路城中东路,0.0
20,城中东路章浜路,0.0
20,城中东路浦仓路,4.0
20,城中东路保安路,1.0
20,公园路外青松公路,0.0
20,公园东路华青路,0.0
20,公园东路华浦路,3.0
20,公园东路华乐路,2.0
20,华乐路华科路,1.0
20,盈港东路崧文路,1.0
20,盈港东路汇金路,4.0
20,汇金路站,3.0
20,漕盈路站,0.0
20,胜利路盈福路,0.0
20,青赵公路盈中西路,0.0
20,卫中路盈中西路,0.0
20,城中西路卫中路,0.0
20,五厍浜路城中西路,0.0
20,五厍浜路老朱青路,0.0
20,环城东路城中南路,0.0
20,北淀浦河路章浜路,0.0
20,浦仓路北淀浦河路,0.0
20,青龙路华青南路,0.0
20,青舟支路华民路,0.0
20,华浦南路青舟支路,0.0
20,盈港路青安路,0.0
20,青安路沙埭浜路,0.0
20,青安路医院路,0.0
20,外青松公路沪青平公路,0.0
20,青湖路外青松公路,0.0
20,青湖路华青南路,0.0
20,青湖路华浦南路,0.0
20,青湖路华乐路,0.0
20,华乐路青湖路,0.0
20,青舟支路华乐路,0.0
20,浦仓路界泾港路,0.0
20,浦仓路体育场路,0.0
20,公园路浦仓路,0.0
20,公园路保安路,0.0
20,华浦路华科路,0.0
20,盈港东路华乐路,0.0
20,秀禾路崧泉路,0.0
21,盈港客运站,0.0
21,盈港路漕盈路(西),0.0
21,盈港路漕盈路,0.0
21,盈港路胜利路,0.0
21,盈港路万寿路,0.0
21,盈港路城中北路,0.0
21,城中北路万寿二路,0.0
21,城中北路青赵公路,0.0
21,城中北路三元路,0.0
21,城中南路城中东路,0.0
21,城中南路老朱青路,0.0
21,城中南路沪青平公路,0.0
21,青松路沪青平公路,0.0
21,青松路城中东路,0.0
21,城中东路章浜路,0.0
21,城中东路浦仓路,0.0
21,城中东路保安路,0.0
21,公园路外青松公路,0.0
21,公园东路华青路,0.0
21,公园东路华浦路,0.0
21,公园东路华乐路,0.0
21,华乐路华科路,0.0
21,盈港东路崧文路,0.0
21,盈港东路汇金路,0.0
21,汇金路站,0.0
21,漕盈路站,0.0
21,胜利路盈福路,0.0
21,青赵公路盈中西路,0.0
21,卫中路盈中西路,0.0
21,城中西路卫中路,0.0
21,五厍浜路城中西路,0.0
21,五厍浜路老朱青路,0.0
21,环城东路城中南路,0.0
21,北淀浦河路章浜路,0.0
21,浦仓路北淀浦河路,0.0
21,青龙路华青南路,0.0
21,青舟支路华民路,0.0
21,华浦南路青舟支路,0.0
21,盈港路青安路,0.0
21,青安路沙埭浜路,0.0
21,青安路医院路,0.0
21,外青松公路沪青平公路,0.0
21,青湖路外青松公路,0.0
21,青湖路华青南路,0.0
21,青湖路华浦南路,0.0
21,青湖路华乐路,0.0
21,华乐路青湖路,0.0
21,青舟支路华乐路,0.0
21,浦仓路界泾港路,0.0
21,浦仓路体育场路,0.0
21,公园路浦仓路,0.0
21,公园路保安路,0.0
21,华浦路华科路,0.0
21,盈港东路华乐路,0.0
21,秀禾路崧泉路,0.0
22,盈港客运站,0.0
22,盈港路漕盈路(西),0.0
22,盈港路漕盈路,0.0
22,盈港路胜利路,0.0
22,盈港路万寿路,0.0
22,盈港路城中北路,0.0
22,城中北路万寿二路,0.0
22,城中北路青赵公路,0.0
22,城中北路三元路,0.0
22,城中南路城中东路,0.0
22,城中南路老朱青路,0.0
22,城中南路沪青平公路,0.0
22,青松路沪青平公路,0.0
22,青松路城中东路,0.0
22,城中东路章浜路,0.0
22,城中东路浦仓路,0.0
22,城中东路保安路,0.0
22,公园路外青松公路,0.0
22,公园东路华青路,0.0
22,公园东路华浦路,0.0
22,公园东路华乐路,0.0
22,华乐路华科路,0.0
22,盈港东路崧文路,0.0
22,盈港东路汇金路,0.0
22,汇金路站,0.0
22,漕盈路站,0.0
22,胜利路盈福路,0.0
22,青赵公路盈中西路,0.0
22,卫中路盈中西路,0.0
22,城中西路卫中路,0.0
22,五厍浜路城中西路,0.0
22,五厍浜路老朱青路,0.0
22,环城东路城中南路,0.0
22,北淀浦河路章浜路,0.0
22,浦仓路北淀浦河路,0.0
22,青龙路华青南路,0.0
22,青舟支路华民路,0.0
22,华浦南路青舟支路,0.0
22,盈港路青安路,0.0
22,青安路沙埭浜路,0.0
22,青安路医院路,0.0
22,外青松公路沪青平公路,0.0
22,青湖路外青松公路,0.0
22,青湖路华青南路,0.0
22,青湖路华浦南路,0.0
22,青湖路华乐路,0.0
22,华乐路青湖路,0.0
22,青舟支路华乐路,0.0
22,浦仓路界泾港路,0.0
22,浦仓路体育场路,0.0
22,公园路浦仓路,0.0
22,公园路保安路,0.0
22,华浦路华科路,0.0
22,盈港东路华乐路,0.0
22,秀禾路崧泉路,0.0
23,盈港客运站,1.0
23,盈港路漕盈路(西),1.0
23,盈港路漕盈路,1.0
23,盈港路胜利路,2.0
23,盈港路万寿路,2.0
23,盈港路城中北路,1.0
23,城中北路万寿二路,0.0
23,城中北路青赵公路,0.0
23,城中北路三元路,0.0
23,城中南路城中东路,0.0
23,城中南路老朱青路,0.0
23,城中南路沪青平公路,0.0
23,青松路沪青平公路,0.0
23,青松路城中东路,0.0
23,城中东路章浜路,2.0
23,城中东路浦仓路,2.0
23,城中东路保安路,0.0
23,公园路外青松公路,0.0
23,公园东路华青路,0.0
23,公园东路华浦路,1.0
23,公园东路华乐路,3.0
23,华乐路华科路,0.0
23,盈港东路崧文路,1.0
23,盈港东路汇金路,1.0
23,汇金路站,4.0
23,漕盈路站,0.0
23,胜利路盈福路,0.0
23,青赵公路盈中西路,0.0
23,卫中路盈中西路,0.0
23,城中西路卫中路,0.0
23,五厍浜路城中西路,0.0
23,五厍浜路老朱青路,0.0
23,环城东路城中南路,0.0
23,北淀浦河路章浜路,0.0
23,浦仓路北淀浦河路,0.0
23,青龙路华青南路,0.0
23,青舟支路华民路,0.0
23,华浦南路青舟支路,0.0
23,盈港路青安路,1.0
23,青安路沙埭浜路,0.0
23,青安路医院路,0.0
23,外青松公路沪青平公路,0.0
23,青湖路外青松公路,0.0
23,青湖路华青南路,0.0
23,青湖路华浦南路,0.0
23,青湖路华乐路,0.0
23,华乐路青湖路,0.0
23,青舟支路华乐路,0.0
23,浦仓路界泾港路,0.0
23,浦仓路体育场路,0.0
23,公园路浦仓路,0.0
23,公园路保安路,0.0
23,华浦路华科路,0.0
23,盈港东路华乐路,0.0
23,秀禾路崧泉路,0.0
24,盈港客运站,0.0
24,盈港路漕盈路(西),0.0
24,盈港路漕盈路,0.0
24,盈港路胜利路,0.0
24,盈港路万寿路,0.0
24,盈港路城中北路,0.0
24,城中北路万寿二路,0.0
24,城中北路青赵公路,0.0
24,城中北路三元路,0.0
24,城中南路城中东路,0.0
24,城中南路老朱青路,0.0
24,城中南路沪青平公路,0.0
24,青松路沪青平公路,0.0
24,青松路城中东路,0.0
24,城中东路章浜路,0.0
24,城中东路浦仓路,0.0
24,城中东路保安路,0.0
24,公园路外青松公路,0.0
24,公园东路华青路,0.0
24,公园东路华浦路,0.0
24,公园东路华乐路,0.0
24,华乐路华科路,0.0
24,盈港东路崧文路,0.0
24,盈港东路汇金路,0.0
24,汇金路站,0.0
24,漕盈路站,0.0
24,胜利路盈福路,0.0
24,青赵公路盈中西路,0.0
24,卫中路盈中西路,0.0
24,城中西路卫中路,0.0
24,五厍浜路城中西路,0.0
24,五厍浜路老朱青路,0.0
24,环城东路城中南路,0.0
24,北淀浦河路章浜路,0.0
24,浦仓路北淀浦河路,0.0
24,青龙路华青南路,0.0
24,青舟支路华民路,0.0
24,华浦南路青舟支路,0.0
24,盈港路青安路,0.0
24,青安路沙埭浜路,0.0
24,青安路医院路,0.0
24,外青松公路沪青平公路,0.0
24,青湖路外青松公路,0.0
24,青湖路华青南路,0.0
24,青湖路华浦南路,0.0
24,青湖路华乐路,0.0
24,华乐路青湖路,0.0
24,青舟支路华乐路,0.0
24,浦仓路界泾港路,0.0
24,浦仓路体育场路,0.0
24,公园路浦仓路,0.0
24,公园路保安路,0.0
24,华浦路华科路,0.0
24,盈港东路华乐路,0.0
24,秀禾路崧泉路,0.0
25,盈港客运站,0.0
25,盈港路漕盈路(西),0.0
25,盈港路漕盈路,0.0
25,盈港路胜利路,0.0
25,盈港路万寿路,0.0
25,盈港路城中北路,0.0
25,城中北路万寿二路,0.0
25,城中北路青赵公路,0.0
25,城中北路三元路,0.0
25,城中南路城中东路,0.0
25,城中南路老朱青路,0.0
25,城中南路沪青平公路,0.0
25,青松路沪青平公路,0.0
25,青松路城中东路,0.0
25,城中东路章浜路,0.0
25,城中东路浦仓路,0.0
25,城中东路保安路,0.0
25,公园路外青松公路,0.0
25,公园东路华青路,0.0
25,公园东路华浦路,0.0
25,公园东路华乐路,0.0
25,华乐路华科路,0.0
25,盈港东路崧文路,0.0
25,盈港东路汇金路,0.0
25,汇金路站,0.0
25,漕盈路站,0.0
25,胜利路盈福路,0.0
25,青赵公路盈中西路,0.0
25,卫中路盈中西路,0.0
25,城中西路卫中路,0.0
25,五厍浜路城中西路,0.0
25,五厍浜路老朱青路,0.0
25,环城东路城中南路,0.0
25,北淀浦河路章浜路,0.0
25,浦仓路北淀浦河路,0.0
25,青龙路华青南路,0.0
25,青舟支路华民路,0.0
25,华浦南路青舟支路,0.0
25,盈港路青安路,0.0
25,青安路沙埭浜路,0.0
25,青安路医院路,0.0
25,外青松公路沪青平公路,0.0
25,青湖路外青松公路,0.0
25,青湖路华青南路,0.0
25,青湖路华浦南路,0.0
25,青湖路华乐路,0.0
25,华乐路青湖路,0.0
25,青舟支路华乐路,0.0
25,浦仓路界泾港路,0.0
25,浦仓路体育场路,0.0
25,公园路浦仓路,0.0
25,公园路保安路,0.0
25,华浦路华科路,0.0
25,盈港东路华乐路,0.0
25,秀禾路崧泉路,0.0
26,盈港客运站,5.0
26,盈港路漕盈路(西),4.0
26,盈港路漕盈路,5.0
26,盈港路胜利路,5.0
26,盈港路万寿路,6.0
26,盈港路城中北路,4.0
26,城中北路万寿二路,0.0
26,城中北路青赵公路,0.0
26,城中北路三元路,0.0
26,城中南路城中东路,0.0
26,城中南路老朱青路,0.0
26,城中南路沪青平公路,0.0
26,青松路沪青平公路,0.0
26,青松路城中东路,0.0
26,城中东路章浜路,6.0
26,城中东路浦仓路,4.0
26,城中东路保安路,2.0
26,公园路外青松公路,2.0
26,公园东路华青路,1.0
26,公园东路华浦路,3.0
26,公园东路华乐路,4.0
26,华乐路华科路,6.0
26,盈港东路崧文路,7.0
26,盈港东路汇金路,5.0
26,汇金路站,6.0
26,漕盈路站,0.0
26,胜利路盈福路,0.0
26,青赵公路盈中西路,0.0
26,卫中路盈中西路,0.0
26,城中西路卫中路,0.0
26,五厍浜路城中西路,0.0
26,五厍浜路老朱青路,0.0
26,环城东路城中南路,0.0
26,北淀浦河路章浜路,0.0
26,浦仓路北淀浦河路,0.0
26,青龙路华青南路,0.0
26,青舟支路华民路,0.0
26,华浦南路青舟支路,0.0
26,盈港路青安路,0.0
26,青安路沙埭浜路,0.0
26,青安路医院路,0.0
26,外青松公路沪青平公路,0.0
26,青湖路外青松公路,0.0
26,青湖路华青南路,0.0
26,青湖路华浦南路,0.0
26,青湖路华乐路,0.0
26,华乐路青湖路,0.0
26,青舟支路华乐路,0.0
26,浦仓路界泾港路,0.0
26,浦仓路体育场路,0.0
26,公园路浦仓路,0.0
26,公园路保安路,0.0
26,华浦路华科路,0.0
26,盈港东路华乐路,0.0
26,秀禾路崧泉路,0.0
27,盈港客运站,0.0
27,盈港路漕盈路(西),0.0
27,盈港路漕盈路,0.0
27,盈港路胜利路,0.0
27,盈港路万寿路,0.0
27,盈港路城中北路,0.0
27,城中北路万寿二路,0.0
27,城中北路青赵公路,0.0
27,城中北路三元路,0.0
27,城中南路城中东路,0.0
27,城中南路老朱青路,0.0
27,城中南路沪青平公路,0.0
27,青松路沪青平公路,0.0
27,青松路城中东路,0.0
27,城中东路章浜路,0.0
27,城中东路浦仓路,0.0
27,城中东路保安路,0.0
27,公园路外青松公路,0.0
27,公园东路华青路,0.0
27,公园东路华浦路,0.0
27,公园东路华乐路,0.0
27,华乐路华科路,0.0
27,盈港东路崧文路,0.0
27,盈港东路汇金路,0.0
27,汇金路站,0.0
27,漕盈路站,0.0
27,胜利路盈福路,0.0
27,青赵公路盈中西路,0.0
27,卫中路盈中西路,0.0
27,城中西路卫中路,0.0
27,五厍浜路城中西路,0.0
27,五厍浜路老朱青路,0.0
27,环城东路城中南路,0.0
27,北淀浦河路章浜路,0.0
27,浦仓路北淀浦河路,0.0
27,青龙路华青南路,0.0
27,青舟支路华民路,0.0
27,华浦南路青舟支路,0.0
27,盈港路青安路,0.0
27,青安路沙埭浜路,0.0
27,青安路医院路,0.0
27,外青松公路沪青平公路,0.0
27,青湖路外青松公路,0.0
27,青湖路华青南路,0.0
27,青湖路华浦南路,0.0
27,青湖路华乐路,0.0
27,华乐路青湖路,0.0
27,青舟支路华乐路,0.0
27,浦仓路界泾港路,0.0
27,浦仓路体育场路,0.0
27,公园路浦仓路,0.0
27,公园路保安路,0.0
27,华浦路华科路,0.0
27,盈港东路华乐路,0.0
27,秀禾路崧泉路,0.0
28,盈港客运站,0.0
28,盈港路漕盈路(西),0.0
28,盈港路漕盈路,0.0
28,盈港路胜利路,0.0
28,盈港路万寿路,0.0
28,盈港路城中北路,0.0
28,城中北路万寿二路,0.0
28,城中北路青赵公路,0.0
28,城中北路三元路,0.0
28,城中南路城中东路,0.0
28,城中南路老朱青路,0.0
28,城中南路沪青平公路,0.0
28,青松路沪青平公路,0.0
28,青松路城中东路,0.0
28,城中东路章浜路,0.0
28,城中东路浦仓路,0.0
28,城中东路保安路,0.0
28,公园路外青松公路,0.0
28,公园东路华青路,0.0
28,公园东路华浦路,0.0
28,公园东路华乐路,0.0
28,华乐路华科路,0.0
28,盈港东路崧文路,0.0
28,盈港东路汇金路,0.0
28,汇金路站,0.0
28,漕盈路站,0.0
28,胜利路盈福路,0.0
28,青赵公路盈中西路,0.0
28,卫中路盈中西路,0.0
28,城中西路卫中路,0.0
28,五厍浜路城中西路,0.0
28,五厍浜路老朱青路,0.0
28,环城东路城中南路,0.0
28,北淀浦河路章浜路,0.0
28,浦仓路北淀浦河路,0.0
28,青龙路华青南路,0.0
28,青舟支路华民路,0.0
28,华浦南路青舟支路,0.0
28,盈港路青安路,0.0
28,青安路沙埭浜路,0.0
28,青安路医院路,0.0
28,外青松公路沪青平公路,0.0
28,青湖路外青松公路,0.0
28,青湖路华青南路,0.0
28,青湖路华浦南路,0.0
28,青湖路华乐路,0.0
28,华乐路青湖路,0.0
28,青舟支路华乐路,0.0
28,浦仓路界泾港路,0.0
28,浦仓路体育场路,0.0
28,公园路浦仓路,0.0
28,公园路保安路,0.0
28,华浦路华科路,0.0
28,盈港东路华乐路,0.0
28,秀禾路崧泉路,0.0
29,盈港客运站,2.0
29,盈港路漕盈路(西),2.0
29,盈港路漕盈路,2.0
29,盈港路胜利路,12.0
29,盈港路万寿路,9.0
29,盈港路城中北路,5.0
29,城中北路万寿二路,0.0
29,城中北路青赵公路,0.0
29,城中北路三元路,0.0
29,城中南路城中东路,0.0
29,城中南路老朱青路,0.0
29,城中南路沪青平公路,0.0
29,青松路沪青平公路,0.0
29,青松路城中东路,0.0
29,城中东路章浜路,3.0
29,城中东路浦仓路,2.0
29,城中东路保安路,5.0
29,公园路外青松公路,6.0
29,公园东路华青路,4.0
29,公园东路华浦路,6.0
29,公园东路华乐路,8.0
29,华乐路华科路,5.0
29,盈港东路崧文路,9.0
29,盈港东路汇金路,10.0
29,汇金路站,10.0
29,漕盈路站,0.0
29,胜利路盈福路,0.0
29,青赵公路盈中西路,0.0
29,卫中路盈中西路,0.0
29,城中西路卫中路,0.0
29,五厍浜路城中西路,0.0
29,五厍浜路老朱青路,0.0
29,环城东路城中南路,0.0
29,北淀浦河路章浜路,0.0
29,浦仓路北淀浦河路,0.0
29,青龙路华青南路,0.0
29,青舟支路华民路,0.0
29,华浦南路青舟支路,0.0
29,盈港路青安路,0.0
29,青安路沙埭浜路,0.0
29,青安路医院路,0.0
29,外青松公路沪青平公路,0.0
29,青湖路外青松公路,0.0
29,青湖路华青南路,0.0
29,青湖路华浦南路,0.0
29,青湖路华乐路,0.0
29,华乐路青湖路,0.0
29,青舟支路华乐路,0.0
29,浦仓路界泾港路,0.0
29,浦仓路体育场路,0.0
29,公园路浦仓路,0.0
29,公园路保安路,0.0
29,华浦路华科路,0.0
29,盈港东路华乐路,0.0
29,秀禾路崧泉路,0.0
30,盈港客运站,0.0
30,盈港路漕盈路(西),0.0
30,盈港路漕盈路,0.0
30,盈港路胜利路,7.0
30,盈港路万寿路,0.0
30,盈港路城中北路,0.0
30,城中北路万寿二路,0.0
30,城中北路青赵公路,0.0
30,城中北路三元路,0.0
30,城中南路城中东路,0.0
30,城中南路老朱青路,0.0
30,城中南路沪青平公路,0.0
30,青松路沪青平公路,0.0
30,青松路城中东路,0.0
30,城中东路章浜路,0.0
30,城中东路浦仓路,0.0
30,城中东路保安路,2.0
30,公园路外青松公路,0.0
30,公园东路华青路,0.0
30,公园东路华浦路,4.0
30,公园东路华乐路,5.0
30,华乐路华科路,6.0
30,盈港东路崧文路,7.0
30,盈港东路汇金路,5.0
30,汇金路站,2.0
30,漕盈路站,0.0
30,胜利路盈福路,0.0
30,青赵公路盈中西路,0.0
30,卫中路盈中西路,0.0
30,城中西路卫中路,0.0
30,五厍浜路城中西路,0.0
30,五厍浜路老朱青路,0.0
30,环城东路城中南路,0.0
30,北淀浦河路章浜路,0.0
30,浦仓路北淀浦河路,0.0
30,青龙路华青南路,0.0
30,青舟支路华民路,0.0
30,华浦南路青舟支路,0.0
30,盈港路青安路,0.0
30,青安路沙埭浜路,0.0
30,青安路医院路,0.0
30,外青松公路沪青平公路,0.0
30,青湖路外青松公路,0.0
30,青湖路华青南路,0.0
30,青湖路华浦南路,0.0
30,青湖路华乐路,0.0
30,华乐路青湖路,0.0
30,青舟支路华乐路,0.0
30,浦仓路界泾港路,0.0
30,浦仓路体育场路,0.0
30,公园路浦仓路,0.0
30,公园路保安路,0.0
30,华浦路华科路,0.0
30,盈港东路华乐路,0.0
30,秀禾路崧泉路,0.0
31,盈港客运站,0.0
31,盈港路漕盈路(西),2.0
31,盈港路漕盈路,2.0
31,盈港路胜利路,6.0
31,盈港路万寿路,12.0
31,盈港路城中北路,7.0
31,城中北路万寿二路,0.0
31,城中北路青赵公路,0.0
31,城中北路三元路,0.0
31,城中南路城中东路,0.0
31,城中南路老朱青路,0.0
31,城中南路沪青平公路,0.0
31,青松路沪青平公路,0.0
31,青松路城中东路,0.0
31,城中东路章浜路,1.0
31,城中东路浦仓路,1.0
31,城中东路保安路,2.0
31,公园路外青松公路,0.0
31,公园东路华青路,0.0
31,公园东路华浦路,7.0
31,公园东路华乐路,4.0
31,华乐路华科路,4.0
31,盈港东路崧文路,11.0
31,盈港东路汇金路,5.0
31,汇金路站,4.0
31,漕盈路站,0.0
31,胜利路盈福路,0.0
31,青赵公路盈中西路,0.0
31,卫中路盈中西路,0.0
31,城中西路卫中路,0.0
31,五厍浜路城中西路,0.0
31,五厍浜路老朱青路,0.0
31,环城东路城中南路,0.0
31,北淀浦河路章浜路,0.0
31,浦仓路北淀浦河路,0.0
31,青龙路华青南路,0.0
31,青舟支路华民路,0.0
31,华浦南路青舟支路,0.0
31,盈港路青安路,0.0
31,青安路沙埭浜路,0.0
31,青安路医院路,0.0
31,外青松公路沪青平公路,0.0
31,青湖路外青松公路,0.0
31,青湖路华青南路,0.0
31,青湖路华浦南路,0.0
31,青湖路华乐路,0.0
31,华乐路青湖路,0.0
31,青舟支路华乐路,0.0
31,浦仓路界泾港路,0.0
31,浦仓路体育场路,0.0
31,公园路浦仓路,0.0
31,公园路保安路,0.0
31,华浦路华科路,0.0
31,盈港东路华乐路,0.0
31,秀禾路崧泉路,0.0
32,盈港客运站,2.0
32,盈港路漕盈路(西),2.0
32,盈港路漕盈路,1.0
32,盈港路胜利路,3.0
32,盈港路万寿路,3.0
32,盈港路城中北路,6.0
32,城中北路万寿二路,0.0
32,城中北路青赵公路,0.0
32,城中北路三元路,0.0
32,城中南路城中东路,0.0
32,城中南路老朱青路,0.0
32,城中南路沪青平公路,0.0
32,青松路沪青平公路,0.0
32,青松路城中东路,0.0
32,城中东路章浜路,3.0
32,城中东路浦仓路,3.0
32,城中东路保安路,5.0
32,公园路外青松公路,0.0
32,公园东路华青路,0.0
32,公园东路华浦路,4.0
32,公园东路华乐路,3.0
32,华乐路华科路,5.0
32,盈港东路崧文路,1.0
32,盈港东路汇金路,7.0
32,汇金路站,2.0
32,漕盈路站,0.0
32,胜利路盈福路,0.0
32,青赵公路盈中西路,0.0
32,卫中路盈中西路,0.0
32,城中西路卫中路,0.0
32,五厍浜路城中西路,0.0
32,五厍浜路老朱青路,0.0
32,环城东路城中南路,0.0
32,北淀浦河路章浜路,0.0
32,浦仓路北淀浦河路,0.0
32,青龙路华青南路,0.0
32,青舟支路华民路,0.0
32,华浦南路青舟支路,0.0
32,盈港路青安路,0.0
32,青安路沙埭浜路,0.0
32,青安路医院路,0.0
32,外青松公路沪青平公路,0.0
32,青湖路外青松公路,0.0
32,青湖路华青南路,0.0
32,青湖路华浦南路,0.0
32,青湖路华乐路,0.0
32,华乐路青湖路,0.0
32,青舟支路华乐路,0.0
32,浦仓路界泾港路,0.0
32,浦仓路体育场路,0.0
32,公园路浦仓路,0.0
32,公园路保安路,0.0
32,华浦路华科路,0.0
32,盈港东路华乐路,0.0
32,秀禾路崧泉路,0.0
33,盈港客运站,0.0
33,盈港路漕盈路(西),0.0
33,盈港路漕盈路,0.0
33,盈港路胜利路,0.0
33,盈港路万寿路,0.0
33,盈港路城中北路,0.0
33,城中北路万寿二路,0.0
33,城中北路青赵公路,0.0
33,城中北路三元路,0.0
33,城中南路城中东路,0.0
33,城中南路老朱青路,0.0
33,城中南路沪青平公路,0.0
33,青松路沪青平公路,0.0
33,青松路城中东路,0.0
33,城中东路章浜路,0.0
33,城中东路浦仓路,0.0
33,城中东路保安路,0.0
33,公园路外青松公路,0.0
33,公园东路华青路,0.0
33,公园东路华浦路,0.0
33,公园东路华乐路,0.0
33,华乐路华科路,0.0
33,盈港东路崧文路,0.0
33,盈港东路汇金路,0.0
33,汇金路站,0.0
33,漕盈路站,0.0
33,胜利路盈福路,0.0
33,青赵公路盈中西路,0.0
33,卫中路盈中西路,0.0
33,城中西路卫中路,0.0
33,五厍浜路城中西路,0.0
33,五厍浜路老朱青路,0.0
33,环城东路城中南路,0.0
33,北淀浦河路章浜路,0.0
33,浦仓路北淀浦河路,0.0
33,青龙路华青南路,0.0
33,青舟支路华民路,0.0
33,华浦南路青舟支路,0.0
33,盈港路青安路,0.0
33,青安路沙埭浜路,0.0
33,青安路医院路,0.0
33,外青松公路沪青平公路,0.0
33,青湖路外青松公路,0.0
33,青湖路华青南路,0.0
33,青湖路华浦南路,0.0
33,青湖路华乐路,0.0
33,华乐路青湖路,0.0
33,青舟支路华乐路,0.0
33,浦仓路界泾港路,0.0
33,浦仓路体育场路,0.0
33,公园路浦仓路,0.0
33,公园路保安路,0.0
33,华浦路华科路,0.0
33,盈港东路华乐路,0.0
33,秀禾路崧泉路,0.0
34,盈港客运站,3.0
34,盈港路漕盈路(西),3.0
34,盈港路漕盈路,2.0
34,盈港路胜利路,3.0
34,盈港路万寿路,2.0
34,盈港路城中北路,4.0
34,城中北路万寿二路,0.0
34,城中北路青赵公路,0.0
34,城中北路三元路,0.0
34,城中南路城中东路,0.0
34,城中南路老朱青路,0.0
34,城中南路沪青平公路,0.0
34,青松路沪青平公路,0.0
34,青松路城中东路,0.0
34,城中东路章浜路,2.0
34,城中东路浦仓路,1.0
34,城中东路保安路,4.0
34,公园路外青松公路,1.0
34,公园东路华青路,2.0
34,公园东路华浦路,2.0
34,公园东路华乐路,1.0
34,华乐路华科路,5.0
34,盈港东路崧文路,2.0
34,盈港东路汇金路,3.0
34,汇金路站,5.0
34,漕盈路站,0.0
34,胜利路盈福路,0.0
34,青赵公路盈中西路,0.0
34,卫中路盈中西路,0.0
34,城中西路卫中路,0.0
34,五厍浜路城中西路,0.0
34,五厍浜路老朱青路,0.0
34,环城东路城中南路,0.0
34,北淀浦河路章浜路,0.0
34,浦仓路北淀浦河路,0.0
34,青龙路华青南路,0.0
34,青舟支路华民路,0.0
34,华浦南路青舟支路,0.0
34,盈港路青安路,0.0
34,青安路沙埭浜路,0.0
34,青安路医院路,0.0
34,外青松公路沪青平公路,0.0
34,青湖路外青松公路,0.0
34,青湖路华青南路,0.0
34,青湖路华浦南路,0.0
34,青湖路华乐路,0.0
34,华乐路青湖路,0.0
34,青舟支路华乐路,0.0
34,浦仓路界泾港路,0.0
34,浦仓路体育场路,0.0
34,公园路浦仓路,0.0
34,公园路保安路,0.0
34,华浦路华科路,0.0
34,盈港东路华乐路,0.0
34,秀禾路崧泉路,0.0
35,盈港客运站,0.0
35,盈港路漕盈路(西),0.0
35,盈港路漕盈路,0.0
35,盈港路胜利路,1.0
35,盈港路万寿路,1.0
35,盈港路城中北路,1.0
35,城中北路万寿二路,0.0
35,城中北路青赵公路,0.0
35,城中北路三元路,0.0
35,城中南路城中东路,0.0
35,城中南路老朱青路,0.0
35,城中南路沪青平公路,0.0
35,青松路沪青平公路,0.0
35,青松路城中东路,0.0
35,城中东路章浜路,0.0
35,城中东路浦仓路,0.0
35,城中东路保安路,0.0
35,公园路外青松公路,0.0
35,公园东路华青路,0.0
35,公园东路华浦路,0.0
35,公园东路华乐路,0.0
35,华乐路华科路,0.0
35,盈港东路崧文路,2.0
35,盈港东路汇金路,0.0
35,汇金路站,0.0
35,漕盈路站,0.0
35,胜利路盈福路,0.0
35,青赵公路盈中西路,0.0
35,卫中路盈中西路,0.0
35,城中西路卫中路,0.0
35,五厍浜路城中西路,0.0
35,五厍浜路老朱青路,0.0
35,环城东路城中南路,0.0
35,北淀浦河路章浜路,0.0
35,浦仓路北淀浦河路,0.0
35,青龙路华青南路,0.0
35,青舟支路华民路,0.0
35,华浦南路青舟支路,0.0
35,盈港路青安路,0.0
35,青安路沙埭浜路,0.0
35,青安路医院路,0.0
35,外青松公路沪青平公路,0.0
35,青湖路外青松公路,0.0
35,青湖路华青南路,0.0
35,青湖路华浦南路,0.0
35,青湖路华乐路,0.0
35,华乐路青湖路,0.0
35,青舟支路华乐路,0.0
35,浦仓路界泾港路,0.0
35,浦仓路体育场路,0.0
35,公园路浦仓路,0.0
35,公园路保安路,0.0
35,华浦路华科路,0.0
35,盈港东路华乐路,0.0
35,秀禾路崧泉路,0.0
36,盈港客运站,0.0
36,盈港路漕盈路(西),0.0
36,盈港路漕盈路,0.0
36,盈港路胜利路,0.0
36,盈港路万寿路,0.0
36,盈港路城中北路,0.0
36,城中北路万寿二路,0.0
36,城中北路青赵公路,0.0
36,城中北路三元路,0.0
36,城中南路城中东路,0.0
36,城中南路老朱青路,0.0
36,城中南路沪青平公路,0.0
36,青松路沪青平公路,0.0
36,青松路城中东路,0.0
36,城中东路章浜路,0.0
36,城中东路浦仓路,0.0
36,城中东路保安路,0.0
36,公园路外青松公路,0.0
36,公园东路华青路,0.0
36,公园东路华浦路,0.0
36,公园东路华乐路,0.0
36,华乐路华科路,0.0
36,盈港东路崧文路,0.0
36,盈港东路汇金路,0.0
36,汇金路站,0.0
36,漕盈路站,0.0
36,胜利路盈福路,0.0
36,青赵公路盈中西路,0.0
36,卫中路盈中西路,0.0
36,城中西路卫中路,0.0
36,五厍浜路城中西路,0.0
36,五厍浜路老朱青路,0.0
36,环城东路城中南路,0.0
36,北淀浦河路章浜路,0.0
36,浦仓路北淀浦河路,0.0
36,青龙路华青南路,0.0
36,青舟支路华民路,0.0
36,华浦南路青舟支路,0.0
36,盈港路青安路,0.0
36,青安路沙埭浜路,0.0
36,青安路医院路,0.0
36,外青松公路沪青平公路,0.0
36,青湖路外青松公路,0.0
36,青湖路华青南路,0.0
36,青湖路华浦南路,0.0
36,青湖路华乐路,0.0
36,华乐路青湖路,0.0
36,青舟支路华乐路,0.0
36,浦仓路界泾港路,0.0
36,浦仓路体育场路,0.0
36,公园路浦仓路,0.0
36,公园路保安路,0.0
36,华浦路华科路,0.0
36,盈港东路华乐路,0.0
36,秀禾路崧泉路,0.0
37,盈港客运站,0.0
37,盈港路漕盈路(西),0.0
37,盈港路漕盈路,0.0
37,盈港路胜利路,0.0
37,盈港路万寿路,0.0
37,盈港路城中北路,0.0
37,城中北路万寿二路,0.0
37,城中北路青赵公路,0.0
37,城中北路三元路,0.0
37,城中南路城中东路,0.0
37,城中南路老朱青路,0.0
37,城中南路沪青平公路,0.0
37,青松路沪青平公路,0.0
37,青松路城中东路,0.0
37,城中东路章浜路,0.0
37,城中东路浦仓路,0.0
37,城中东路保安路,0.0
37,公园路外青松公路,0.0
37,公园东路华青路,0.0
37,公园东路华浦路,0.0
37,公园东路华乐路,0.0
37,华乐路华科路,0.0
37,盈港东路崧文路,0.0
37,盈港东路汇金路,0.0
37,汇金路站,0.0
37,漕盈路站,0.0
37,胜利路盈福路,0.0
37,青赵公路盈中西路,0.0
37,卫中路盈中西路,0.0
37,城中西路卫中路,0.0
37,五厍浜路城中西路,0.0
37,五厍浜路老朱青路,0.0
37,环城东路城中南路,0.0
37,北淀浦河路章浜路,0.0
37,浦仓路北淀浦河路,0.0
37,青龙路华青南路,0.0
37,青舟支路华民路,0.0
37,华浦南路青舟支路,0.0
37,盈港路青安路,0.0
37,青安路沙埭浜路,0.0
37,青安路医院路,0.0
37,外青松公路沪青平公路,0.0
37,青湖路外青松公路,0.0
37,青湖路华青南路,0.0
37,青湖路华浦南路,0.0
37,青湖路华乐路,0.0
37,华乐路青湖路,0.0
37,青舟支路华乐路,0.0
37,浦仓路界泾港路,0.0
37,浦仓路体育场路,0.0
37,公园路浦仓路,0.0
37,公园路保安路,0.0
37,华浦路华科路,0.0
37,盈港东路华乐路,0.0
37,秀禾路崧泉路,0.0
38,盈港客运站,0.0
38,盈港路漕盈路(西),0.0
38,盈港路漕盈路,0.0
38,盈港路胜利路,0.0
38,盈港路万寿路,0.0
38,盈港路城中北路,0.0
38,城中北路万寿二路,0.0
38,城中北路青赵公路,0.0
38,城中北路三元路,0.0
38,城中南路城中东路,0.0
38,城中南路老朱青路,0.0
38,城中南路沪青平公路,0.0
38,青松路沪青平公路,0.0
38,青松路城中东路,0.0
38,城中东路章浜路,0.0
38,城中东路浦仓路,0.0
38,城中东路保安路,0.0
38,公园路外青松公路,0.0
38,公园东路华青路,0.0
38,公园东路华浦路,0.0
38,公园东路华乐路,0.0
38,华乐路华科路,0.0
38,盈港东路崧文路,0.0
38,盈港东路汇金路,0.0
38,汇金路站,0.0
38,漕盈路站,0.0
38,胜利路盈福路,0.0
38,青赵公路盈中西路,0.0
38,卫中路盈中西路,0.0
38,城中西路卫中路,0.0
38,五厍浜路城中西路,0.0
38,五厍浜路老朱青路,0.0
38,环城东路城中南路,0.0
38,北淀浦河路章浜路,0.0
38,浦仓路北淀浦河路,0.0
38,青龙路华青南路,0.0
38,青舟支路华民路,0.0
38,华浦南路青舟支路,0.0
38,盈港路青安路,0.0
38,青安路沙埭浜路,0.0
38,青安路医院路,0.0
38,外青松公路沪青平公路,0.0
38,青湖路外青松公路,0.0
38,青湖路华青南路,0.0
38,青湖路华浦南路,0.0
38,青湖路华乐路,0.0
38,华乐路青湖路,0.0
38,青舟支路华乐路,0.0
38,浦仓路界泾港路,0.0
38,浦仓路体育场路,0.0
38,公园路浦仓路,0.0
38,公园路保安路,0.0
38,华浦路华科路,0.0
38,盈港东路华乐路,0.0
38,秀禾路崧泉路,0.0
39,盈港客运站,3.0
39,盈港路漕盈路(西),6.0
39,盈港路漕盈路,2.0
39,盈港路胜利路,7.0
39,盈港路万寿路,4.0
39,盈港路城中北路,4.0
39,城中北路万寿二路,0.0
39,城中北路青赵公路,0.0
39,城中北路三元路,0.0
39,城中南路城中东路,0.0
39,城中南路老朱青路,0.0
39,城中南路沪青平公路,0.0
39,青松路沪青平公路,0.0
39,青松路城中东路,0.0
39,城中东路章浜路,4.0
39,城中东路浦仓路,5.0
39,城中东路保安路,5.0
39,公园路外青松公路,2.0
39,公园东路华青路,1.0
39,公园东路华浦路,12.0
39,公园东路华乐路,4.0
39,华乐路华科路,7.0
39,盈港东路崧文路,6.0
39,盈港东路汇金路,11.0
39,汇金路站,3.0
39,漕盈路站,0.0
39,胜利路盈福路,0.0
39,青赵公路盈中西路,0.0
39,卫中路盈中西路,0.0
39,城中西路卫中路,0.0
39,五厍浜路城中西路,0.0
39,五厍浜路老朱青路,0.0
39,环城东路城中南路,0.0
39,北淀浦河路章浜路,0.0
39,浦仓路北淀浦河路,0.0
39,青龙路华青南路,0.0
39,青舟支路华民路,0.0
39,华浦南路青舟支路,0.0
39,盈港路青安路,2.0
39,青安路沙埭浜路,0.0
39,青安路医院路,0.0
39,外青松公路沪青平公路,0.0
39,青湖路外青松公路,0.0
39,青湖路华青南路,0.0
39,青湖路华浦南路,0.0
39,青湖路华乐路,0.0
39,华乐路青湖路,0.0
39,青舟支路华乐路,0.0
39,浦仓路界泾港路,0.0
39,浦仓路体育场路,0.0
39,公园路浦仓路,0.0
39,公园路保安路,0.0
39,华浦路华科路,0.0
39,盈港东路华乐路,0.0
39,秀禾路崧泉路,0.0
40,盈港客运站,0.0
40,盈港路漕盈路(西),0.0
40,盈港路漕盈路,0.0
40,盈港路胜利路,0.0
40,盈港路万寿路,0.0
40,盈港路城中北路,0.0
40,城中北路万寿二路,0.0
40,城中北路青赵公路,0.0
40,城中北路三元路,0.0
40,城中南路城中东路,0.0
40,城中南路老朱青路,0.0
40,城中南路沪青平公路,0.0
40,青松路沪青平公路,0.0
40,青松路城中东路,0.0
40,城中东路章浜路,0.0
40,城中东路浦仓路,0.0
40,城中东路保安路,0.0
40,公园路外青松公路,0.0
40,公园东路华青路,0.0
40,公园东路华浦路,0.0
40,公园东路华乐路,0.0
40,华乐路华科路,0.0
40,盈港东路崧文路,0.0
40,盈港东路汇金路,0.0
40,汇金路站,0.0
40,漕盈路站,0.0
40,胜利路盈福路,0.0
40,青赵公路盈中西路,0.0
40,卫中路盈中西路,0.0
40,城中西路卫中路,0.0
40,五厍浜路城中西路,0.0
40,五厍浜路老朱青路,0.0
40,环城东路城中南路,0.0
40,北淀浦河路章浜路,0.0
40,浦仓路北淀浦河路,0.0
40,青龙路华青南路,0.0
40,青舟支路华民路,0.0
40,华浦南路青舟支路,0.0
40,盈港路青安路,0.0
40,青安路沙埭浜路,0.0
40,青安路医院路,0.0
40,外青松公路沪青平公路,0.0
40,青湖路外青松公路,0.0
40,青湖路华青南路,0.0
40,青湖路华浦南路,0.0
40,青湖路华乐路,0.0
40,华乐路青湖路,0.0
40,青舟支路华乐路,0.0
40,浦仓路界泾港路,0.0
40,浦仓路体育场路,0.0
40,公园路浦仓路,0.0
40,公园路保安路,0.0
40,华浦路华科路,0.0
40,盈港东路华乐路,0.0
40,秀禾路崧泉路,0.0
41,盈港客运站,4.0
41,盈港路漕盈路(西),5.0
41,盈港路漕盈路,7.0
41,盈港路胜利路,11.0
41,盈港路万寿路,7.0
41,盈港路城中北路,4.0
41,城中北路万寿二路,0.0
41,城中北路青赵公路,0.0
41,城中北路三元路,0.0
41,城中南路城中东路,0.0
41,城中南路老朱青路,0.0
41,城中南路沪青平公路,0.0
41,青松路沪青平公路,0.0
41,青松路城中东路,0.0
41,城中东路章浜路,5.0
41,城中东路浦仓路,3.0
41,城中东路保安路,3.0
41,公园路外青松公路,0.0
41,公园东路华青路,1.0
41,公园东路华浦路,8.0
41,公园东路华乐路,4.0
41,华乐路华科路,7.0
41,盈港东路崧文路,11.0
41,盈港东路汇金路,12.0
41,汇金路站,4.0
41,漕盈路站,0.0
41,胜利路盈福路,0.0
41,青赵公路盈中西路,0.0
41,卫中路盈中西路,0.0
41,城中西路卫中路,0.0
41,五厍浜路城中西路,0.0
41,五厍浜路老朱青路,0.0
41,环城东路城中南路,0.0
41,北淀浦河路章浜路,0.0
41,浦仓路北淀浦河路,0.0
41,青龙路华青南路,0.0
41,青舟支路华民路,4.0
41,华浦南路青舟支路,5.0
41,盈港路青安路,8.0
41,青安路沙埭浜路,3.0
41,青安路医院路,2.0
41,外青松公路沪青平公路,1.0
41,青湖路外青松公路,1.0
41,青湖路华青南路,3.0
41,青湖路华浦南路,3.0
41,青湖路华乐路,2.0
41,华乐路青湖路,4.0
41,青舟支路华乐路,2.0
41,浦仓路界泾港路,0.0
41,浦仓路体育场路,0.0
41,公园路浦仓路,0.0
41,公园路保安路,0.0
41,华浦路华科路,0.0
41,盈港东路华乐路,0.0
41,秀禾路崧泉路,0.0
42,盈港客运站,0.0
42,盈港路漕盈路(西),0.0
42,盈港路漕盈路,0.0
42,盈港路胜利路,0.0
42,盈港路万寿路,0.0
42,盈港路城中北路,0.0
42,城中北路万寿二路,0.0
42,城中北路青赵公路,0.0
42,城中北路三元路,0.0
42,城中南路城中东路,0.0
42,城中南路老朱青路,0.0
42,城中南路沪青平公路,0.0
42,青松路沪青平公路,0.0
42,青松路城中东路,0.0
42,城中东路章浜路,0.0
42,城中东路浦仓路,0.0
42,城中东路保安路,0.0
42,公园路外青松公路,0.0
42,公园东路华青路,0.0
42,公园东路华浦路,0.0
42,公园东路华乐路,0.0
42,华乐路华科路,0.0
42,盈港东路崧文路,0.0
42,盈港东路汇金路,0.0
42,汇金路站,0.0
42,漕盈路站,0.0
42,胜利路盈福路,0.0
42,青赵公路盈中西路,0.0
42,卫中路盈中西路,0.0
42,城中西路卫中路,0.0
42,五厍浜路城中西路,0.0
42,五厍浜路老朱青路,0.0
42,环城东路城中南路,0.0
42,北淀浦河路章浜路,0.0
42,浦仓路北淀浦河路,0.0
42,青龙路华青南路,0.0
42,青舟支路华民路,0.0
42,华浦南路青舟支路,0.0
42,盈港路青安路,0.0
42,青安路沙埭浜路,0.0
42,青安路医院路,0.0
42,外青松公路沪青平公路,0.0
42,青湖路外青松公路,0.0
42,青湖路华青南路,0.0
42,青湖路华浦南路,0.0
42,青湖路华乐路,0.0
42,华乐路青湖路,0.0
42,青舟支路华乐路,0.0
42,浦仓路界泾港路,0.0
42,浦仓路体育场路,0.0
42,公园路浦仓路,0.0
42,公园路保安路,0.0
42,华浦路华科路,0.0
42,盈港东路华乐路,0.0
42,秀禾路崧泉路,0.0
43,盈港客运站,8.0
43,盈港路漕盈路(西),4.0
43,盈港路漕盈路,7.0
43,盈港路胜利路,8.0
43,盈港路万寿路,7.0
43,盈港路城中北路,11.0
43,城中北路万寿二路,1.0
43,城中北路青赵公路,0.0
43,城中北路三元路,2.0
43,城中南路城中东路,1.0
43,城中南路老朱青路,1.0
43,城中南路沪青平公路,2.0
43,青松路沪青平公路,2.0
43,青松路城中东路,2.0
43,城中东路章浜路,4.0
43,城中东路浦仓路,7.0
43,城中东路保安路,6.0
43,公园路外青松公路,4.0
43,公园东路华青路,4.0
43,公园东路华浦路,8.0
43,公园东路华乐路,12.0
43,华乐路华科路,10.0
43,盈港东路崧文路,12.0
43,盈港东路汇金路,10.0
43,汇金路站,11.0
43,漕盈路站,0.0
43,胜利路盈福路,0.0
43,青赵公路盈中西路,0.0
43,卫中路盈中西路,0.0
43,城中西路卫中路,0.0
43,五厍浜路城中西路,0.0
43,五厍浜路老朱青路,0.0
43,环城东路城中南路,0.0
43,北淀浦河路章浜路,0.0
43,浦仓路北淀浦河路,0.0
43,青龙路华青南路,0.0
43,青舟支路华民路,1.0
43,华浦南路青舟支路,2.0
43,盈港路青安路,0.0
43,青安路沙埭浜路,0.0
43,青安路医院路,0.0
43,外青松公路沪青平公路,0.0
43,青湖路外青松公路,0.0
43,青湖路华青南路,0.0
43,青湖路华浦南路,0.0
43,青湖路华乐路,0.0
43,华乐路青湖路,0.0
43,青舟支路华乐路,0.0
43,浦仓路界泾港路,0.0
43,浦仓路体育场路,0.0
43,公园路浦仓路,0.0
43,公园路保安路,0.0
43,华浦路华科路,0.0
43,盈港东路华乐路,0.0
43,秀禾路崧泉路,0.0
44,盈港客运站,0.0
44,盈港路漕盈路(西),0.0
44,盈港路漕盈路,0.0
44,盈港路胜利路,2.0
44,盈港路万寿路,3.0
44,盈港路城中北路,2.0
44,城中北路万寿二路,0.0
44,城中北路青赵公路,0.0
44,城中北路三元路,0.0
44,城中南路城中东路,0.0
44,城中南路老朱青路,0.0
44,城中南路沪青平公路,0.0
44,青松路沪青平公路,0.0
44,青松路城中东路,0.0
44,城中东路章浜路,0.0
44,城中东路浦仓路,0.0
44,城中东路保安路,0.0
44,公园路外青松公路,0.0
44,公园东路华青路,0.0
44,公园东路华浦路,2.0
44,公园东路华乐路,0.0
44,华乐路华科路,0.0
44,盈港东路崧文路,0.0
44,盈港东路汇金路,3.0
44,汇金路站,0.0
44,漕盈路站,0.0
44,胜利路盈福路,0.0
44,青赵公路盈中西路,0.0
44,卫中路盈中西路,0.0
44,城中西路卫中路,0.0
44,五厍浜路城中西路,0.0
44,五厍浜路老朱青路,0.0
44,环城东路城中南路,0.0
44,北淀浦河路章浜路,0.0
44,浦仓路北淀浦河路,0.0
44,青龙路华青南路,0.0
44,青舟支路华民路,0.0
44,华浦南路青舟支路,0.0
44,盈港路青安路,0.0
44,青安路沙埭浜路,0.0
44,青安路医院路,0.0
44,外青松公路沪青平公路,0.0
44,青湖路外青松公路,0.0
44,青湖路华青南路,0.0
44,青湖路华浦南路,0.0
44,青湖路华乐路,0.0
44,华乐路青湖路,0.0
44,青舟支路华乐路,0.0
44,浦仓路界泾港路,0.0
44,浦仓路体育场路,0.0
44,公园路浦仓路,0.0
44,公园路保安路,0.0
44,华浦路华科路,0.0
44,盈港东路华乐路,0.0
44,秀禾路崧泉路,0.0
45,盈港客运站,0.0
45,盈港路漕盈路(西),0.0
45,盈港路漕盈路,0.0
45,盈港路胜利路,0.0
45,盈港路万寿路,0.0
45,盈港路城中北路,0.0
45,城中北路万寿二路,0.0
45,城中北路青赵公路,0.0
45,城中北路三元路,0.0
45,城中南路城中东路,0.0
45,城中南路老朱青路,0.0
45,城中南路沪青平公路,0.0
45,青松路沪青平公路,0.0
45,青松路城中东路,0.0
45,城中东路章浜路,0.0
45,城中东路浦仓路,0.0
45,城中东路保安路,0.0
45,公园路外青松公路,0.0
45,公园东路华青路,0.0
45,公园东路华浦路,0.0
45,公园东路华乐路,0.0
45,华乐路华科路,0.0
45,盈港东路崧文路,0.0
45,盈港东路汇金路,0.0
45,汇金路站,0.0
45,漕盈路站,0.0
45,胜利路盈福路,0.0
45,青赵公路盈中西路,0.0
45,卫中路盈中西路,0.0
45,城中西路卫中路,0.0
45,五厍浜路城中西路,0.0
45,五厍浜路老朱青路,0.0
45,环城东路城中南路,0.0
45,北淀浦河路章浜路,0.0
45,浦仓路北淀浦河路,0.0
45,青龙路华青南路,0.0
45,青舟支路华民路,0.0
45,华浦南路青舟支路,0.0
45,盈港路青安路,0.0
45,青安路沙埭浜路,0.0
45,青安路医院路,0.0
45,外青松公路沪青平公路,0.0
45,青湖路外青松公路,0.0
45,青湖路华青南路,0.0
45,青湖路华浦南路,0.0
45,青湖路华乐路,0.0
45,华乐路青湖路,0.0
45,青舟支路华乐路,0.0
45,浦仓路界泾港路,0.0
45,浦仓路体育场路,0.0
45,公园路浦仓路,0.0
45,公园路保安路,0.0
45,华浦路华科路,0.0
45,盈港东路华乐路,0.0
45,秀禾路崧泉路,0.0
46,盈港客运站,0.0
46,盈港路漕盈路(西),0.0
46,盈港路漕盈路,0.0
46,盈港路胜利路,0.0
46,盈港路万寿路,0.0
46,盈港路城中北路,0.0
46,城中北路万寿二路,0.0
46,城中北路青赵公路,0.0
46,城中北路三元路,0.0
46,城中南路城中东路,0.0
46,城中南路老朱青路,0.0
46,城中南路沪青平公路,0.0
46,青松路沪青平公路,0.0
46,青松路城中东路,0.0
46,城中东路章浜路,0.0
46,城中东路浦仓路,0.0
46,城中东路保安路,0.0
46,公园路外青松公路,0.0
46,公园东路华青路,0.0
46,公园东路华浦路,0.0
46,公园东路华乐路,0.0
46,华乐路华科路,0.0
46,盈港东路崧文路,0.0
46,盈港东路汇金路,0.0
46,汇金路站,0.0
46,漕盈路站,0.0
46,胜利路盈福路,0.0
46,青赵公路盈中西路,0.0
46,卫中路盈中西路,0.0
46,城中西路卫中路,0.0
46,五厍浜路城中西路,0.0
46,五厍浜路老朱青路,0.0
46,环城东路城中南路,0.0
46,北淀浦河路章浜路,0.0
46,浦仓路北淀浦河路,0.0
46,青龙路华青南路,0.0
46,青舟支路华民路,0.0
46,华浦南路青舟支路,0.0
46,盈港路青安路,0.0
46,青安路沙埭浜路,0.0
46,青安路医院路,0.0
46,外青松公路沪青平公路,0.0
46,青湖路外青松公路,0.0
46,青湖路华青南路,0.0
46,青湖路华浦南路,0.0
46,青湖路华乐路,0.0
46,华乐路青湖路,0.0
46,青舟支路华乐路,0.0
46,浦仓路界泾港路,0.0
46,浦仓路体育场路,0.0
46,公园路浦仓路,0.0
46,公园路保安路,0.0
46,华浦路华科路,0.0
46,盈港东路华乐路,0.0
46,秀禾路崧泉路,0.0
47,盈港客运站,0.0
47,盈港路漕盈路(西),0.0
47,盈港路漕盈路,0.0
47,盈港路胜利路,0.0
47,盈港路万寿路,0.0
47,盈港路城中北路,0.0
47,城中北路万寿二路,0.0
47,城中北路青赵公路,0.0
47,城中北路三元路,0.0
47,城中南路城中东路,0.0
47,城中南路老朱青路,0.0
47,城中南路沪青平公路,0.0
47,青松路沪青平公路,0.0
47,青松路城中东路,0.0
47,城中东路章浜路,0.0
47,城中东路浦仓路,0.0
47,城中东路保安路,2.0
47,公园路外青松公路,0.0
47,公园东路华青路,0.0
47,公园东路华浦路,2.0
47,公园东路华乐路,3.0
47,华乐路华科路,1.0
47,盈港东路崧文路,2.0
47,盈港东路汇金路,0.0
47,汇金路站,0.0
47,漕盈路站,0.0
47,胜利路盈福路,0.0
47,青赵公路盈中西路,0.0
47,卫中路盈中西路,0.0
47,城中西路卫中路,0.0
47,五厍浜路城中西路,0.0
47,五厍浜路老朱青路,0.0
47,环城东路城中南路,0.0
47,北淀浦河路章浜路,0.0
47,浦仓路北淀浦河路,0.0
47,青龙路华青南路,0.0
47,青舟支路华民路,0.0
47,华浦南路青舟支路,0.0
47,盈港路青安路,0.0
47,青安路沙埭浜路,0.0
47,青安路医院路,0.0
47,外青松公路沪青平公路,0.0
47,青湖路外青松公路,0.0
47,青湖路华青南路,0.0
47,青湖路华浦南路,0.0
47,青湖路华乐路,0.0
47,华乐路青湖路,0.0
47,青舟支路华乐路,0.0
47,浦仓路界泾港路,0.0
47,浦仓路体育场路,0.0
47,公园路浦仓路,0.0
47,公园路保安路,0.0
47,华浦路华科路,0.0
47,盈港东路华乐路,0.0
47,秀禾路崧泉路,0.0
48,盈港客运站,0.0
48,盈港路漕盈路(西),0.0
48,盈港路漕盈路,0.0
48,盈港路胜利路,0.0
48,盈港路万寿路,0.0
48,盈港路城中北路,0.0
48,城中北路万寿二路,0.0
48,城中北路青赵公路,0.0
48,城中北路三元路,0.0
48,城中南路城中东路,0.0
48,城中南路老朱青路,0.0
48,城中南路沪青平公路,0.0
48,青松路沪青平公路,0.0
48,青松路城中东路,0.0
48,城中东路章浜路,0.0
48,城中东路浦仓路,0.0
48,城中东路保安路,0.0
48,公园路外青松公路,0.0
48,公园东路华青路,0.0
48,公园东路华浦路,0.0
48,公园东路华乐路,0.0
48,华乐路华科路,0.0
48,盈港东路崧文路,0.0
48,盈港东路汇金路,0.0
48,汇金路站,0.0
48,漕盈路站,0.0
48,胜利路盈福路,0.0
48,青赵公路盈中西路,0.0
48,卫中路盈中西路,0.0
48,城中西路卫中路,0.0
48,五厍浜路城中西路,0.0
48,五厍浜路老朱青路,0.0
48,环城东路城中南路,0.0
48,北淀浦河路章浜路,0.0
48,浦仓路北淀浦河路,0.0
48,青龙路华青南路,0.0
48,青舟支路华民路,0.0
48,华浦南路青舟支路,0.0
48,盈港路青安路,0.0
48,青安路沙埭浜路,0.0
48,青安路医院路,0.0
48,外青松公路沪青平公路,0.0
48,青湖路外青松公路,0.0
48,青湖路华青南路,0.0
48,青湖路华浦南路,0.0
48,青湖路华乐路,0.0
48,华乐路青湖路,0.0
48,青舟支路华乐路,0.0
48,浦仓路界泾港路,0.0
48,浦仓路体育场路,0.0
48,公园路浦仓路,0.0
48,公园路保安路,0.0
48,华浦路华科路,0.0
48,盈港东路华乐路,0.0
48,秀禾路崧泉路,0.0
49,盈港客运站,0.0
49,盈港路漕盈路(西),0.0
49,盈港路漕盈路,0.0
49,盈港路胜利路,0.0
49,盈港路万寿路,0.0
49,盈港路城中北路,0.0
49,城中北路万寿二路,0.0
49,城中北路青赵公路,0.0
49,城中北路三元路,0.0
49,城中南路城中东路,0.0
49,城中南路老朱青路,0.0
49,城中南路沪青平公路,0.0
49,青松路沪青平公路,0.0
49,青松路城中东路,0.0
49,城中东路章浜路,0.0
49,城中东路浦仓路,0.0
49,城中东路保安路,0.0
49,公园路外青松公路,0.0
49,公园东路华青路,0.0
49,公园东路华浦路,0.0
49,公园东路华乐路,0.0
49,华乐路华科路,0.0
49,盈港东路崧文路,0.0
49,盈港东路汇金路,0.0
49,汇金路站,0.0
49,漕盈路站,0.0
49,胜利路盈福路,0.0
49,青赵公路盈中西路,0.0
49,卫中路盈中西路,0.0
49,城中西路卫中路,0.0
49,五厍浜路城中西路,0.0
49,五厍浜路老朱青路,0.0
49,环城东路城中南路,0.0
49,北淀浦河路章浜路,0.0
49,浦仓路北淀浦河路,0.0
49,青龙路华青南路,0.0
49,青舟支路华民路,0.0
49,华浦南路青舟支路,0.0
49,盈港路青安路,0.0
49,青安路沙埭浜路,0.0
49,青安路医院路,0.0
49,外青松公路沪青平公路,0.0
49,青湖路外青松公路,0.0
49,青湖路华青南路,0.0
49,青湖路华浦南路,0.0
49,青湖路华乐路,0.0
49,华乐路青湖路,0.0
49,青舟支路华乐路,0.0
49,浦仓路界泾港路,0.0
49,浦仓路体育场路,0.0
49,公园路浦仓路,0.0
49,公园路保安路,0.0
49,华浦路华科路,0.0
49,盈港东路华乐路,0.0
49,秀禾路崧泉路,0.0
50,盈港客运站,1.0
50,盈港路漕盈路(西),3.0
50,盈港路漕盈路,2.0
50,盈港路胜利路,9.0
50,盈港路万寿路,8.0
50,盈港路城中北路,9.0
50,城中北路万寿二路,0.0
50,城中北路青赵公路,0.0
50,城中北路三元路,0.0
50,城中南路城中东路,0.0
50,城中南路老朱青路,0.0
50,城中南路沪青平公路,0.0
50,青松路沪青平公路,0.0
50,青松路城中东路,0.0
50,城中东路章浜路,1.0
50,城中东路浦仓路,0.0
50,城中东路保安路,10.0
50,公园路外青松公路,10.0
50,公园东路华青路,7.0
50,公园东路华浦路,11.0
50,公园东路华乐路,9.0
50,华乐路华科路,12.0
50,盈港东路崧文路,9.0
50,盈港东路汇金路,11.0
50,汇金路站,11.0
50,漕盈路站,0.0
50,胜利路盈福路,0.0
50,青赵公路盈中西路,0.0
50,卫中路盈中西路,0.0
50,城中西路卫中路,0.0
50,五厍浜路城中西路,0.0
50,五厍浜路老朱青路,0.0
50,环城东路城中南路,0.0
50,北淀浦河路章浜路,0.0
50,浦仓路北淀浦河路,0.0
50,青龙路华青南路,0.0
50,青舟支路华民路,0.0
50,华浦南路青舟支路,0.0
50,盈港路青安路,0.0
50,青安路沙埭浜路,0.0
50,青安路医院路,0.0
50,外青松公路沪青平公路,0.0
50,青湖路外青松公路,0.0
50,青湖路华青南路,0.0
50,青湖路华浦南路,0.0
50,青湖路华乐路,0.0
50,华乐路青湖路,0.0
50,青舟支路华乐路,0.0
50,浦仓路界泾港路,0.0
50,浦仓路体育场路,0.0
50,公园路浦仓路,0.0
50,公园路保安路,0.0
50,华浦路华科路,0.0
50,盈港东路华乐路,0.0
50,秀禾路崧泉路,0.0
51,盈港客运站,0.0
51,盈港路漕盈路(西),0.0
51,盈港路漕盈路,0.0
51,盈港路胜利路,0.0
51,盈港路万寿路,0.0
51,盈港路城中北路,0.0
51,城中北路万寿二路,0.0
51,城中北路青赵公路,0.0
51,城中北路三元路,0.0
51,城中南路城中东路,0.0
51,城中南路老朱青路,0.0
51,城中南路沪青平公路,0.0
51,青松路沪青平公路,0.0
51,青松路城中东路,0.0
51,城中东路章浜路,0.0
51,城中东路浦仓路,0.0
51,城中东路保安路,0.0
51,公园路外青松公路,0.0
51,公园东路华青路,0.0
51,公园东路华浦路,0.0
51,公园东路华乐路,0.0
51,华乐路华科路,0.0
51,盈港东路崧文路,0.0
51,盈港东路汇金路,0.0
51,汇金路站,0.0
51,漕盈路站,0.0
51,胜利路盈福路,0.0
51,青赵公路盈中西路,0.0
51,卫中路盈中西路,0.0
51,城中西路卫中路,0.0
51,五厍浜路城中西路,0.0
51,五厍浜路老朱青路,0.0
51,环城东路城中南路,0.0
51,北淀浦河路章浜路,0.0
51,浦仓路北淀浦河路,0.0
51,青龙路华青南路,0.0
51,青舟支路华民路,0.0
51,华浦南路青舟支路,0.0
51,盈港路青安路,0.0
51,青安路沙埭浜路,0.0
51,青安路医院路,0.0
51,外青松公路沪青平公路,0.0
51,青湖路外青松公路,0.0
51,青湖路华青南路,0.0
51,青湖路华浦南路,0.0
51,青湖路华乐路,0.0
51,华乐路青湖路,0.0
51,青舟支路华乐路,0.0
51,浦仓路界泾港路,0.0
51,浦仓路体育场路,0.0
51,公园路浦仓路,0.0
51,公园路保安路,0.0
51,华浦路华科路,0.0
51,盈港东路华乐路,0.0
51,秀禾路崧泉路,0.0
52,盈港客运站,0.0
52,盈港路漕盈路(西),0.0
52,盈港路漕盈路,0.0
52,盈港路胜利路,0.0
52,盈港路万寿路,0.0
52,盈港路城中北路,0.0
52,城中北路万寿二路,0.0
52,城中北路青赵公路,0.0
52,城中北路三元路,0.0
52,城中南路城中东路,0.0
52,城中南路老朱青路,0.0
52,城中南路沪青平公路,0.0
52,青松路沪青平公路,0.0
52,青松路城中东路,0.0
52,城中东路章浜路,0.0
52,城中东路浦仓路,0.0
52,城中东路保安路,0.0
52,公园路外青松公路,0.0
52,公园东路华青路,0.0
52,公园东路华浦路,0.0
52,公园东路华乐路,0.0
52,华乐路华科路,0.0
52,盈港东路崧文路,0.0
52,盈港东路汇金路,0.0
52,汇金路站,0.0
52,漕盈路站,0.0
52,胜利路盈福路,0.0
52,青赵公路盈中西路,0.0
52,卫中路盈中西路,0.0
52,城中西路卫中路,0.0
52,五厍浜路城中西路,0.0
52,五厍浜路老朱青路,0.0
52,环城东路城中南路,0.0
52,北淀浦河路章浜路,0.0
52,浦仓路北淀浦河路,0.0
52,青龙路华青南路,0.0
52,青舟支路华民路,0.0
52,华浦南路青舟支路,0.0
52,盈港路青安路,0.0
52,青安路沙埭浜路,0.0
52,青安路医院路,0.0
52,外青松公路沪青平公路,0.0
52,青湖路外青松公路,0.0
52,青湖路华青南路,0.0
52,青湖路华浦南路,0.0
52,青湖路华乐路,0.0
52,华乐路青湖路,0.0
52,青舟支路华乐路,0.0
52,浦仓路界泾港路,0.0
52,浦仓路体育场路,0.0
52,公园路浦仓路,0.0
52,公园路保安路,0.0
52,华浦路华科路,0.0
52,盈港东路华乐路,0.0
52,秀禾路崧泉路,0.0
53,盈港客运站,0.0
53,盈港路漕盈路(西),0.0
53,盈港路漕盈路,0.0
53,盈港路胜利路,2.0
53,盈港路万寿路,0.0
53,盈港路城中北路,0.0
53,城中北路万寿二路,0.0
53,城中北路青赵公路,0.0
53,城中北路三元路,0.0
53,城中南路城中东路,0.0
53,城中南路老朱青路,0.0
53,城中南路沪青平公路,0.0
53,青松路沪青平公路,0.0
53,青松路城中东路,0.0
53,城中东路章浜路,0.0
53,城中东路浦仓路,0.0
53,城中东路保安路,4.0
53,公园路外青松公路,0.0
53,公园东路华青路,0.0
53,公园东路华浦路,2.0
53,公园东路华乐路,2.0
53,华乐路华科路,2.0
53,盈港东路崧文路,4.0
53,盈港东路汇金路,4.0
53,汇金路站,4.0
53,漕盈路站,0.0
53,胜利路盈福路,0.0
53,青赵公路盈中西路,0.0
53,卫中路盈中西路,0.0
53,城中西路卫中路,0.0
53,五厍浜路城中西路,0.0
53,五厍浜路老朱青路,0.0
53,环城东路城中南路,0.0
53,北淀浦河路章浜路,0.0
53,浦仓路北淀浦河路,0.0
53,青龙路华青南路,0.0
53,青舟支路华民路,0.0
53,华浦南路青舟支路,1.0
53,盈港路青安路,0.0
53,青安路沙埭浜路,0.0
53,青安路医院路,0.0
53,外青松公路沪青平公路,0.0
53,青湖路外青松公路,0.0
53,青湖路华青南路,0.0
53,青湖路华浦南路,0.0
53,青湖路华乐路,0.0
53,华乐路青湖路,0.0
53,青舟支路华乐路,0.0
53,浦仓路界泾港路,0.0
53,浦仓路体育场路,0.0
53,公园路浦仓路,0.0
53,公园路保安路,0.0
53,华浦路华科路,0.0
53,盈港东路华乐路,0.0
53,秀禾路崧泉路,0.0
54,盈港客运站,0.0
54,盈港路漕盈路(西),0.0
54,盈港路漕盈路,0.0
54,盈港路胜利路,0.0
54,盈港路万寿路,0.0
54,盈港路城中北路,0.0
54,城中北路万寿二路,0.0
54,城中北路青赵公路,0.0
54,城中北路三元路,0.0
54,城中南路城中东路,0.0
54,城中南路老朱青路,0.0
54,城中南路沪青平公路,0.0
54,青松路沪青平公路,0.0
54,青松路城中东路,0.0
54,城中东路章浜路,0.0
54,城中东路浦仓路,0.0
54,城中东路保安路,0.0
54,公园路外青松公路,0.0
54,公园东路华青路,0.0
54,公园东路华浦路,0.0
54,公园东路华乐路,0.0
54,华乐路华科路,0.0
54,盈港东路崧文路,0.0
54,盈港东路汇金路,0.0
54,汇金路站,0.0
54,漕盈路站,0.0
54,胜利路盈福路,0.0
54,青赵公路盈中西路,0.0
54,卫中路盈中西路,0.0
54,城中西路卫中路,0.0
54,五厍浜路城中西路,0.0
54,五厍浜路老朱青路,0.0
54,环城东路城中南路,0.0
54,北淀浦河路章浜路,0.0
54,浦仓路北淀浦河路,0.0
54,青龙路华青南路,0.0
54,青舟支路华民路,0.0
54,华浦南路青舟支路,0.0
54,盈港路青安路,0.0
54,青安路沙埭浜路,0.0
54,青安路医院路,0.0
54,外青松公路沪青平公路,0.0
54,青湖路外青松公路,0.0
54,青湖路华青南路,0.0
54,青湖路华浦南路,0.0
54,青湖路华乐路,0.0
54,华乐路青湖路,0.0
54,青舟支路华乐路,0.0
54,浦仓路界泾港路,0.0
54,浦仓路体育场路,0.0
54,公园路浦仓路,0.0
54,公园路保安路,0.0
54,华浦路华科路,0.0
54,盈港东路华乐路,0.0
54,秀禾路崧泉路,0.0
55,盈港客运站,0.0
55,盈港路漕盈路(西),0.0
55,盈港路漕盈路,0.0
55,盈港路胜利路,0.0
55,盈港路万寿路,0.0
55,盈港路城中北路,0.0
55,城中北路万寿二路,0.0
55,城中北路青赵公路,0.0
55,城中北路三元路,0.0
55,城中南路城中东路,0.0
55,城中南路老朱青路,0.0
55,城中南路沪青平公路,0.0
55,青松路沪青平公路,0.0
55,青松路城中东路,0.0
55,城中东路章浜路,0.0
55,城中东路浦仓路,0.0
55,城中东路保安路,0.0
55,公园路外青松公路,0.0
55,公园东路华青路,0.0
55,公园东路华浦路,0.0
55,公园东路华乐路,0.0
55,华乐路华科路,0.0
55,盈港东路崧文路,0.0
55,盈港东路汇金路,0.0
55,汇金路站,0.0
55,漕盈路站,0.0
55,胜利路盈福路,0.0
55,青赵公路盈中西路,0.0
55,卫中路盈中西路,0.0
55,城中西路卫中路,0.0
55,五厍浜路城中西路,0.0
55,五厍浜路老朱青路,0.0
55,环城东路城中南路,0.0
55,北淀浦河路章浜路,0.0
55,浦仓路北淀浦河路,0.0
55,青龙路华青南路,0.0
55,青舟支路华民路,0.0
55,华浦南路青舟支路,0.0
55,盈港路青安路,0.0
55,青安路沙埭浜路,0.0
55,青安路医院路,0.0
55,外青松公路沪青平公路,0.0
55,青湖路外青松公路,0.0
55,青湖路华青南路,0.0
55,青湖路华浦南路,0.0
55,青湖路华乐路,0.0
55,华乐路青湖路,0.0
55,青舟支路华乐路,0.0
55,浦仓路界泾港路,0.0
55,浦仓路体育场路,0.0
55,公园路浦仓路,0.0
55,公园路保安路,0.0
55,华浦路华科路,0.0
55,盈港东路华乐路,0.0
55,秀禾路崧泉路,0.0
56,盈港客运站,0.0
56,盈港路漕盈路(西),0.0
56,盈港路漕盈路,0.0
56,盈港路胜利路,5.0
56,盈港路万寿路,12.0
56,盈港路城中北路,11.0
56,城中北路万寿二路,0.0
56,城中北路青赵公路,0.0
56,城中北路三元路,0.0
56,城中南路城中东路,0.0
56,城中南路老朱青路,0.0
56,城中南路沪青平公路,0.0
56,青松路沪青平公路,0.0
56,青松路城中东路,0.0
56,城中东路章浜路,0.0
56,城中东路浦仓路,0.0
56,城中东路保安路,0.0
56,公园路外青松公路,0.0
56,公园东路华青路,0.0
56,公园东路华浦路,13.0
56,公园东路华乐路,0.0
56,华乐路华科路,0.0
56,盈港东路崧文路,4.0
56,盈港东路汇金路,5.0
56,汇金路站,0.0
56,漕盈路站,0.0
56,胜利路盈福路,0.0
56,青赵公路盈中西路,0.0
56,卫中路盈中西路,0.0
56,城中西路卫中路,0.0
56,五厍浜路城中西路,0.0
56,五厍浜路老朱青路,0.0
56,环城东路城中南路,0.0
56,北淀浦河路章浜路,0.0
56,浦仓路北淀浦河路,0.0
56,青龙路华青南路,0.0
56,青舟支路华民路,0.0
56,华浦南路青舟支路,0.0
56,盈港路青安路,0.0
56,青安路沙埭浜路,0.0
56,青安路医院路,0.0
56,外青松公路沪青平公路,0.0
56,青湖路外青松公路,0.0
56,青湖路华青南路,0.0
56,青湖路华浦南路,0.0
56,青湖路华乐路,0.0
56,华乐路青湖路,0.0
56,青舟支路华乐路,0.0
56,浦仓路界泾港路,0.0
56,浦仓路体育场路,0.0
56,公园路浦仓路,0.0
56,公园路保安路,0.0
56,华浦路华科路,0.0
56,盈港东路华乐路,0.0
56,秀禾路崧泉路,0.0
57,盈港客运站,8.0
57,盈港路漕盈路(西),6.0
57,盈港路漕盈路,5.0
57,盈港路胜利路,7.0
57,盈港路万寿路,9.0
57,盈港路城中北路,11.0
57,城中北路万寿二路,0.0
57,城中北路青赵公路,0.0
57,城中北路三元路,0.0
57,城中南路城中东路,0.0
57,城中南路老朱青路,0.0
57,城中南路沪青平公路,0.0
57,青松路沪青平公路,0.0
57,青松路城中东路,0.0
57,城中东路章浜路,0.0
57,城中东路浦仓路,4.0
57,城中东路保安路,10.0
57,公园路外青松公路,7.0
57,公园东路华青路,6.0
57,公园东路华浦路,10.0
57,公园东路华乐路,12.0
57,华乐路华科路,9.0
57,盈港东路崧文路,10.0
57,盈港东路汇金路,5.0
57,汇金路站,8.0
57,漕盈路站,0.0
57,胜利路盈福路,0.0
57,青赵公路盈中西路,0.0
57,卫中路盈中西路,0.0
57,城中西路卫中路,0.0
57,五厍浜路城中西路,0.0
57,五厍浜路老朱青路,0.0
57,环城东路城中南路,0.0
57,北淀浦河路章浜路,0.0
57,浦仓路北淀浦河路,0.0
57,青龙路华青南路,0.0
57,青舟支路华民路,0.0
57,华浦南路青舟支路,0.0
57,盈港路青安路,7.0
57,青安路沙埭浜路,0.0
57,青安路医院路,0.0
57,外青松公路沪青平公路,0.0
57,青湖路外青松公路,0.0
57,青湖路华青南路,0.0
57,青湖路华浦南路,0.0
57,青湖路华乐路,0.0
57,华乐路青湖路,0.0
57,青舟支路华乐路,0.0
57,浦仓路界泾港路,0.0
57,浦仓路体育场路,0.0
57,公园路浦仓路,0.0
57,公园路保安路,0.0
57,华浦路华科路,0.0
57,盈港东路华乐路,0.0
57,秀禾路崧泉路,0.0
58,盈港客运站,0.0
58,盈港路漕盈路(西),0.0
58,盈港路漕盈路,0.0
58,盈港路胜利路,0.0
58,盈港路万寿路,0.0
58,盈港路城中北路,0.0
58,城中北路万寿二路,0.0
58,城中北路青赵公路,0.0
58,城中北路三元路,0.0
58,城中南路城中东路,0.0
58,城中南路老朱青路,0.0
58,城中南路沪青平公路,0.0
58,青松路沪青平公路,0.0
58,青松路城中东路,0.0
58,城中东路章浜路,0.0
58,城中东路浦仓路,0.0
58,城中东路保安路,0.0
58,公园路外青松公路,0.0
58,公园东路华青路,0.0
58,公园东路华浦路,0.0
58,公园东路华乐路,0.0
58,华乐路华科路,0.0
58,盈港东路崧文路,0.0
58,盈港东路汇金路,0.0
58,汇金路站,0.0
58,漕盈路站,0.0
58,胜利路盈福路,0.0
58,青赵公路盈中西路,0.0
58,卫中路盈中西路,0.0
58,城中西路卫中路,0.0
58,五厍浜路城中西路,0.0
58,五厍浜路老朱青路,0.0
58,环城东路城中南路,0.0
58,北淀浦河路章浜路,0.0
58,浦仓路北淀浦河路,0.0
58,青龙路华青南路,0.0
58,青舟支路华民路,0.0
58,华浦南路青舟支路,0.0
58,盈港路青安路,0.0
58,青安路沙埭浜路,0.0
58,青安路医院路,0.0
58,外青松公路沪青平公路,0.0
58,青湖路外青松公路,0.0
58,青湖路华青南路,0.0
58,青湖路华浦南路,0.0
58,青湖路华乐路,0.0
58,华乐路青湖路,0.0
58,青舟支路华乐路,0.0
58,浦仓路界泾港路,0.0
58,浦仓路体育场路,0.0
58,公园路浦仓路,0.0
58,公园路保安路,0.0
58,华浦路华科路,0.0
58,盈港东路华乐路,0.0
58,秀禾路崧泉路,0.0
59,盈港客运站,0.0
59,盈港路漕盈路(西),0.0
59,盈港路漕盈路,0.0
59,盈港路胜利路,0.0
59,盈港路万寿路,0.0
59,盈港路城中北路,0.0
59,城中北路万寿二路,0.0
59,城中北路青赵公路,0.0
59,城中北路三元路,0.0
59,城中南路城中东路,0.0
59,城中南路老朱青路,0.0
59,城中南路沪青平公路,0.0
59,青松路沪青平公路,0.0
59,青松路城中东路,0.0
59,城中东路章浜路,0.0
59,城中东路浦仓路,0.0
59,城中东路保安路,0.0
59,公园路外青松公路,0.0
59,公园东路华青路,0.0
59,公园东路华浦路,0.0
59,公园东路华乐路,0.0
59,华乐路华科路,0.0
59,盈港东路崧文路,0.0
59,盈港东路汇金路,0.0
59,汇金路站,0.0
59,漕盈路站,0.0
59,胜利路盈福路,0.0
59,青赵公路盈中西路,0.0
59,卫中路盈中西路,0.0
59,城中西路卫中路,0.0
59,五厍浜路城中西路,0.0
59,五厍浜路老朱青路,0.0
59,环城东路城中南路,0.0
59,北淀浦河路章浜路,0.0
59,浦仓路北淀浦河路,0.0
59,青龙路华青南路,0.0
59,青舟支路华民路,0.0
59,华浦南路青舟支路,0.0
59,盈港路青安路,0.0
59,青安路沙埭浜路,0.0
59,青安路医院路,0.0
59,外青松公路沪青平公路,0.0
59,青湖路外青松公路,0.0
59,青湖路华青南路,0.0
59,青湖路华浦南路,0.0
59,青湖路华乐路,0.0
59,华乐路青湖路,0.0
59,青舟支路华乐路,0.0
59,浦仓路界泾港路,0.0
59,浦仓路体育场路,0.0
59,公园路浦仓路,0.0
59,公园路保安路,0.0
59,华浦路华科路,0.0
59,盈港东路华乐路,0.0
59,秀禾路崧泉路,0.0
60,盈港客运站,0.0
60,盈港路漕盈路(西),0.0
60,盈港路漕盈路,0.0
60,盈港路胜利路,0.0
60,盈港路万寿路,0.0
60,盈港路城中北路,0.0
60,城中北路万寿二路,0.0
60,城中北路青赵公路,0.0
60,城中北路三元路,0.0
60,城中南路城中东路,0.0
60,城中南路老朱青路,0.0
60,城中南路沪青平公路,0.0
60,青松路沪青平公路,0.0
60,青松路城中东路,0.0
60,城中东路章浜路,0.0
60,城中东路浦仓路,0.0
60,城中东路保安路,0.0
60,公园路外青松公路,0.0
60,公园东路华青路,0.0
60,公园东路华浦路,0.0
60,公园东路华乐路,0.0
60,华乐路华科路,0.0
60,盈港东路崧文路,0.0
60,盈港东路汇金路,0.0
60,汇金路站,0.0
60,漕盈路站,0.0
60,胜利路盈福路,0.0
60,青赵公路盈中西路,0.0
60,卫中路盈中西路,0.0
60,城中西路卫中路,0.0
60,五厍浜路城中西路,0.0
60,五厍浜路老朱青路,0.0
60,环城东路城中南路,0.0
60,北淀浦河路章浜路,0.0
60,浦仓路北淀浦河路,0.0
60,青龙路华青南路,0.0
60,青舟支路华民路,0.0
60,华浦南路青舟支路,0.0
60,盈港路青安路,0.0
60,青安路沙埭浜路,0.0
60,青安路医院路,0.0
60,外青松公路沪青平公路,0.0
60,青湖路外青松公路,0.0
60,青湖路华青南路,0.0
60,青湖路华浦南路,0.0
60,青湖路华乐路,0.0
60,华乐路青湖路,0.0
60,青舟支路华乐路,0.0
60,浦仓路界泾港路,0.0
60,浦仓路体育场路,0.0
60,公园路浦仓路,0.0
60,公园路保安路,0.0
60,华浦路华科路,0.0
60,盈港东路华乐路,0.0
60,秀禾路崧泉路,0.0
61,盈港客运站,0.0
61,盈港路漕盈路(西),0.0
61,盈港路漕盈路,0.0
61,盈港路胜利路,0.0
61,盈港路万寿路,0.0
61,盈港路城中北路,0.0
61,城中北路万寿二路,0.0
61,城中北路青赵公路,0.0
61,城中北路三元路,0.0
61,城中南路城中东路,0.0
61,城中南路老朱青路,0.0
61,城中南路沪青平公路,0.0
61,青松路沪青平公路,0.0
61,青松路城中东路,0.0
61,城中东路章浜路,0.0
61,城中东路浦仓路,0.0
61,城中东路保安路,0.0
61,公园路外青松公路,0.0
61,公园东路华青路,0.0
61,公园东路华浦路,0.0
61,公园东路华乐路,0.0
61,华乐路华科路,0.0
61,盈港东路崧文路,0.0
61,盈港东路汇金路,0.0
61,汇金路站,0.0
61,漕盈路站,0.0
61,胜利路盈福路,0.0
61,青赵公路盈中西路,0.0
61,卫中路盈中西路,0.0
61,城中西路卫中路,0.0
61,五厍浜路城中西路,0.0
61,五厍浜路老朱青路,0.0
61,环城东路城中南路,0.0
61,北淀浦河路章浜路,0.0
61,浦仓路北淀浦河路,0.0
61,青龙路华青南路,0.0
61,青舟支路华民路,0.0
61,华浦南路青舟支路,0.0
61,盈港路青安路,0.0
61,青安路沙埭浜路,0.0
61,青安路医院路,0.0
61,外青松公路沪青平公路,0.0
61,青湖路外青松公路,0.0
61,青湖路华青南路,0.0
61,青湖路华浦南路,0.0
61,青湖路华乐路,0.0
61,华乐路青湖路,0.0
61,青舟支路华乐路,0.0
61,浦仓路界泾港路,0.0
61,浦仓路体育场路,0.0
61,公园路浦仓路,0.0
61,公园路保安路,0.0
61,华浦路华科路,0.0
61,盈港东路华乐路,0.0
61,秀禾路崧泉路,0.0
62,盈港客运站,0.0
62,盈港路漕盈路(西),0.0
62,盈港路漕盈路,0.0
62,盈港路胜利路,0.0
62,盈港路万寿路,0.0
62,盈港路城中北路,0.0
62,城中北路万寿二路,0.0
62,城中北路青赵公路,0.0
62,城中北路三元路,0.0
62,城中南路城中东路,0.0
62,城中南路老朱青路,0.0
62,城中南路沪青平公路,0.0
62,青松路沪青平公路,0.0
62,青松路城中东路,0.0
62,城中东路章浜路,0.0
62,城中东路浦仓路,0.0
62,城中东路保安路,0.0
62,公园路外青松公路,0.0
62,公园东路华青路,0.0
62,公园东路华浦路,0.0
62,公园东路华乐路,0.0
62,华乐路华科路,0.0
62,盈港东路崧文路,0.0
62,盈港东路汇金路,0.0
62,汇金路站,0.0
62,漕盈路站,0.0
62,胜利路盈福路,0.0
62,青赵公路盈中西路,0.0
62,卫中路盈中西路,0.0
62,城中西路卫中路,0.0
62,五厍浜路城中西路,0.0
62,五厍浜路老朱青路,0.0
62,环城东路城中南路,0.0
62,北淀浦河路章浜路,0.0
62,浦仓路北淀浦河路,0.0
62,青龙路华青南路,0.0
62,青舟支路华民路,0.0
62,华浦南路青舟支路,0.0
62,盈港路青安路,0.0
62,青安路沙埭浜路,0.0
62,青安路医院路,0.0
62,外青松公路沪青平公路,0.0
62,青湖路外青松公路,0.0
62,青湖路华青南路,0.0
62,青湖路华浦南路,0.0
62,青湖路华乐路,0.0
62,华乐路青湖路,0.0
62,青舟支路华乐路,0.0
62,浦仓路界泾港路,0.0
62,浦仓路体育场路,0.0
62,公园路浦仓路,0.0
62,公园路保安路,0.0
62,华浦路华科路,0.0
62,盈港东路华乐路,0.0
62,秀禾路崧泉路,0.0
63,盈港客运站,0.0
63,盈港路漕盈路(西),0.0
63,盈港路漕盈路,0.0
63,盈港路胜利路,0.0
63,盈港路万寿路,0.0
63,盈港路城中北路,0.0
63,城中北路万寿二路,0.0
63,城中北路青赵公路,0.0
63,城中北路三元路,0.0
63,城中南路城中东路,0.0
63,城中南路老朱青路,0.0
63,城中南路沪青平公路,0.0
63,青松路沪青平公路,0.0
63,青松路城中东路,0.0
63,城中东路章浜路,0.0
63,城中东路浦仓路,0.0
63,城中东路保安路,0.0
63,公园路外青松公路,0.0
63,公园东路华青路,0.0
63,公园东路华浦路,0.0
63,公园东路华乐路,0.0
63,华乐路华科路,0.0
63,盈港东路崧文路,0.0
63,盈港东路汇金路,0.0
63,汇金路站,0.0
63,漕盈路站,0.0
63,胜利路盈福路,0.0
63,青赵公路盈中西路,0.0
63,卫中路盈中西路,0.0
63,城中西路卫中路,0.0
63,五厍浜路城中西路,0.0
63,五厍浜路老朱青路,0.0
63,环城东路城中南路,0.0
63,北淀浦河路章浜路,0.0
63,浦仓路北淀浦河路,0.0
63,青龙路华青南路,0.0
63,青舟支路华民路,0.0
63,华浦南路青舟支路,0.0
63,盈港路青安路,0.0
63,青安路沙埭浜路,0.0
63,青安路医院路,0.0
63,外青松公路沪青平公路,0.0
63,青湖路外青松公路,0.0
63,青湖路华青南路,0.0
63,青湖路华浦南路,0.0
63,青湖路华乐路,0.0
63,华乐路青湖路,0.0
63,青舟支路华乐路,0.0
63,浦仓路界泾港路,0.0
63,浦仓路体育场路,0.0
63,公园路浦仓路,0.0
63,公园路保安路,0.0
63,华浦路华科路,0.0
63,盈港东路华乐路,0.0
63,秀禾路崧泉路,0.0
64,盈港客运站,0.0
64,盈港路漕盈路(西),0.0
64,盈港路漕盈路,0.0
64,盈港路胜利路,0.0
64,盈港路万寿路,0.0
64,盈港路城中北路,0.0
64,城中北路万寿二路,0.0
64,城中北路青赵公路,0.0
64,城中北路三元路,0.0
64,城中南路城中东路,0.0
64,城中南路老朱青路,0.0
64,城中南路沪青平公路,0.0
64,青松路沪青平公路,0.0
64,青松路城中东路,0.0
64,城中东路章浜路,0.0
64,城中东路浦仓路,0.0
64,城中东路保安路,0.0
64,公园路外青松公路,0.0
64,公园东路华青路,0.0
64,公园东路华浦路,0.0
64,公园东路华乐路,0.0
64,华乐路华科路,0.0
64,盈港东路崧文路,0.0
64,盈港东路汇金路,0.0
64,汇金路站,0.0
64,漕盈路站,0.0
64,胜利路盈福路,0.0
64,青赵公路盈中西路,0.0
64,卫中路盈中西路,0.0
64,城中西路卫中路,0.0
64,五厍浜路城中西路,0.0
64,五厍浜路老朱青路,0.0
64,环城东路城中南路,0.0
64,北淀浦河路章浜路,0.0
64,浦仓路北淀浦河路,0.0
64,青龙路华青南路,0.0
64,青舟支路华民路,0.0
64,华浦南路青舟支路,0.0
64,盈港路青安路,0.0
64,青安路沙埭浜路,0.0
64,青安路医院路,0.0
64,外青松公路沪青平公路,0.0
64,青湖路外青松公路,0.0
64,青湖路华青南路,0.0
64,青湖路华浦南路,0.0
64,青湖路华乐路,0.0
64,华乐路青湖路,0.0
64,青舟支路华乐路,0.0
64,浦仓路界泾港路,0.0
64,浦仓路体育场路,0.0
64,公园路浦仓路,0.0
64,公园路保安路,0.0
64,华浦路华科路,0.0
64,盈港东路华乐路,0.0
64,秀禾路崧泉路,0.0
65,盈港客运站,0.0
65,盈港路漕盈路(西),0.0
65,盈港路漕盈路,0.0
65,盈港路胜利路,0.0
65,盈港路万寿路,0.0
65,盈港路城中北路,0.0
65,城中北路万寿二路,0.0
65,城中北路青赵公路,0.0
65,城中北路三元路,0.0
65,城中南路城中东路,0.0
65,城中南路老朱青路,0.0
65,城中南路沪青平公路,0.0
65,青松路沪青平公路,0.0
65,青松路城中东路,0.0
65,城中东路章浜路,0.0
65,城中东路浦仓路,0.0
65,城中东路保安路,0.0
65,公园路外青松公路,0.0
65,公园东路华青路,0.0
65,公园东路华浦路,0.0
65,公园东路华乐路,0.0
65,华乐路华科路,0.0
65,盈港东路崧文路,0.0
65,盈港东路汇金路,0.0
65,汇金路站,0.0
65,漕盈路站,0.0
65,胜利路盈福路,0.0
65,青赵公路盈中西路,0.0
65,卫中路盈中西路,0.0
65,城中西路卫中路,0.0
65,五厍浜路城中西路,0.0
65,五厍浜路老朱青路,0.0
65,环城东路城中南路,0.0
65,北淀浦河路章浜路,0.0
65,浦仓路北淀浦河路,0.0
65,青龙路华青南路,0.0
65,青舟支路华民路,0.0
65,华浦南路青舟支路,0.0
65,盈港路青安路,0.0
65,青安路沙埭浜路,0.0
65,青安路医院路,0.0
65,外青松公路沪青平公路,0.0
65,青湖路外青松公路,0.0
65,青湖路华青南路,0.0
65,青湖路华浦南路,0.0
65,青湖路华乐路,0.0
65,华乐路青湖路,0.0
65,青舟支路华乐路,0.0
65,浦仓路界泾港路,0.0
65,浦仓路体育场路,0.0
65,公园路浦仓路,0.0
65,公园路保安路,0.0
65,华浦路华科路,0.0
65,盈港东路华乐路,0.0
65,秀禾路崧泉路,0.0
66,盈港客运站,0.0
66,盈港路漕盈路(西),0.0
66,盈港路漕盈路,0.0
66,盈港路胜利路,0.0
66,盈港路万寿路,0.0
66,盈港路城中北路,0.0
66,城中北路万寿二路,0.0
66,城中北路青赵公路,0.0
66,城中北路三元路,0.0
66,城中南路城中东路,0.0
66,城中南路老朱青路,0.0
66,城中南路沪青平公路,0.0
66,青松路沪青平公路,0.0
66,青松路城中东路,0.0
66,城中东路章浜路,0.0
66,城中东路浦仓路,0.0
66,城中东路保安路,0.0
66,公园路外青松公路,0.0
66,公园东路华青路,0.0
66,公园东路华浦路,0.0
66,公园东路华乐路,0.0
66,华乐路华科路,0.0
66,盈港东路崧文路,0.0
66,盈港东路汇金路,0.0
66,汇金路站,0.0
66,漕盈路站,0.0
66,胜利路盈福路,0.0
66,青赵公路盈中西路,0.0
66,卫中路盈中西路,0.0
66,城中西路卫中路,0.0
66,五厍浜路城中西路,0.0
66,五厍浜路老朱青路,0.0
66,环城东路城中南路,0.0
66,北淀浦河路章浜路,0.0
66,浦仓路北淀浦河路,0.0
66,青龙路华青南路,0.0
66,青舟支路华民路,0.0
66,华浦南路青舟支路,0.0
66,盈港路青安路,0.0
66,青安路沙埭浜路,0.0
66,青安路医院路,0.0
66,外青松公路沪青平公路,0.0
66,青湖路外青松公路,0.0
66,青湖路华青南路,0.0
66,青湖路华浦南路,0.0
66,青湖路华乐路,0.0
66,华乐路青湖路,0.0
66,青舟支路华乐路,0.0
66,浦仓路界泾港路,0.0
66,浦仓路体育场路,0.0
66,公园路浦仓路,0.0
66,公园路保安路,0.0
66,华浦路华科路,0.0
66,盈港东路华乐路,0.0
66,秀禾路崧泉路,0.0
67,盈港客运站,0.0
67,盈港路漕盈路(西),0.0
67,盈港路漕盈路,0.0
67,盈港路胜利路,0.0
67,盈港路万寿路,0.0
67,盈港路城中北路,0.0
67,城中北路万寿二路,0.0
67,城中北路青赵公路,0.0
67,城中北路三元路,0.0
67,城中南路城中东路,0.0
67,城中南路老朱青路,0.0
67,城中南路沪青平公路,0.0
67,青松路沪青平公路,0.0
67,青松路城中东路,0.0
67,城中东路章浜路,0.0
67,城中东路浦仓路,0.0
67,城中东路保安路,0.0
67,公园路外青松公路,0.0
67,公园东路华青路,0.0
67,公园东路华浦路,0.0
67,公园东路华乐路,0.0
67,华乐路华科路,0.0
67,盈港东路崧文路,0.0
67,盈港东路汇金路,0.0
67,汇金路站,0.0
67,漕盈路站,0.0
67,胜利路盈福路,0.0
67,青赵公路盈中西路,0.0
67,卫中路盈中西路,0.0
67,城中西路卫中路,0.0
67,五厍浜路城中西路,0.0
67,五厍浜路老朱青路,0.0
67,环城东路城中南路,0.0
67,北淀浦河路章浜路,0.0
67,浦仓路北淀浦河路,0.0
67,青龙路华青南路,0.0
67,青舟支路华民路,0.0
67,华浦南路青舟支路,0.0
67,盈港路青安路,0.0
67,青安路沙埭浜路,0.0
67,青安路医院路,0.0
67,外青松公路沪青平公路,0.0
67,青湖路外青松公路,0.0
67,青湖路华青南路,0.0
67,青湖路华浦南路,0.0
67,青湖路华乐路,0.0
67,华乐路青湖路,0.0
67,青舟支路华乐路,0.0
67,浦仓路界泾港路,0.0
67,浦仓路体育场路,0.0
67,公园路浦仓路,0.0
67,公园路保安路,0.0
67,华浦路华科路,0.0
67,盈港东路华乐路,0.0
67,秀禾路崧泉路,0.0
68,盈港客运站,0.0
68,盈港路漕盈路(西),0.0
68,盈港路漕盈路,0.0
68,盈港路胜利路,0.0
68,盈港路万寿路,0.0
68,盈港路城中北路,0.0
68,城中北路万寿二路,0.0
68,城中北路青赵公路,0.0
68,城中北路三元路,0.0
68,城中南路城中东路,0.0
68,城中南路老朱青路,0.0
68,城中南路沪青平公路,0.0
68,青松路沪青平公路,0.0
68,青松路城中东路,0.0
68,城中东路章浜路,0.0
68,城中东路浦仓路,0.0
68,城中东路保安路,0.0
68,公园路外青松公路,0.0
68,公园东路华青路,0.0
68,公园东路华浦路,0.0
68,公园东路华乐路,0.0
68,华乐路华科路,0.0
68,盈港东路崧文路,0.0
68,盈港东路汇金路,0.0
68,汇金路站,0.0
68,漕盈路站,0.0
68,胜利路盈福路,0.0
68,青赵公路盈中西路,0.0
68,卫中路盈中西路,0.0
68,城中西路卫中路,0.0
68,五厍浜路城中西路,0.0
68,五厍浜路老朱青路,0.0
68,环城东路城中南路,0.0
68,北淀浦河路章浜路,0.0
68,浦仓路北淀浦河路,0.0
68,青龙路华青南路,0.0
68,青舟支路华民路,0.0
68,华浦南路青舟支路,0.0
68,盈港路青安路,0.0
68,青安路沙埭浜路,0.0
68,青安路医院路,0.0
68,外青松公路沪青平公路,0.0
68,青湖路外青松公路,0.0
68,青湖路华青南路,0.0
68,青湖路华浦南路,0.0
68,青湖路华乐路,0.0
68,华乐路青湖路,0.0
68,青舟支路华乐路,0.0
68,浦仓路界泾港路,0.0
68,浦仓路体育场路,0.0
68,公园路浦仓路,0.0
68,公园路保安路,0.0
68,华浦路华科路,0.0
68,盈港东路华乐路,0.0
68,秀禾路崧泉路,0.0
69,盈港客运站,0.0
69,盈港路漕盈路(西),0.0
69,盈港路漕盈路,0.0
69,盈港路胜利路,0.0
69,盈港路万寿路,0.0
69,盈港路城中北路,0.0
69,城中北路万寿二路,0.0
69,城中北路青赵公路,0.0
69,城中北路三元路,0.0
69,城中南路城中东路,0.0
69,城中南路老朱青路,0.0
69,城中南路沪青平公路,0.0
69,青松路沪青平公路,0.0
69,青松路城中东路,0.0
69,城中东路章浜路,0.0
69,城中东路浦仓路,0.0
69,城中东路保安路,0.0
69,公园路外青松公路,0.0
69,公园东路华青路,0.0
69,公园东路华浦路,0.0
69,公园东路华乐路,0.0
69,华乐路华科路,0.0
69,盈港东路崧文路,0.0
69,盈港东路汇金路,0.0
69,汇金路站,0.0
69,漕盈路站,0.0
69,胜利路盈福路,0.0
69,青赵公路盈中西路,0.0
69,卫中路盈中西路,0.0
69,城中西路卫中路,0.0
69,五厍浜路城中西路,0.0
69,五厍浜路老朱青路,0.0
69,环城东路城中南路,0.0
69,北淀浦河路章浜路,0.0
69,浦仓路北淀浦河路,0.0
69,青龙路华青南路,0.0
69,青舟支路华民路,0.0
69,华浦南路青舟支路,0.0
69,盈港路青安路,0.0
69,青安路沙埭浜路,0.0
69,青安路医院路,0.0
69,外青松公路沪青平公路,0.0
69,青湖路外青松公路,0.0
69,青湖路华青南路,0.0
69,青湖路华浦南路,0.0
69,青湖路华乐路,0.0
69,华乐路青湖路,0.0
69,青舟支路华乐路,0.0
69,浦仓路界泾港路,0.0
69,浦仓路体育场路,0.0
69,公园路浦仓路,0.0
69,公园路保安路,0.0
69,华浦路华科路,0.0
69,盈港东路华乐路,0.0
69,秀禾路崧泉路,0.0
70,盈港客运站,0.0
70,盈港路漕盈路(西),0.0
70,盈港路漕盈路,0.0
70,盈港路胜利路,0.0
70,盈港路万寿路,0.0
70,盈港路城中北路,0.0
70,城中北路万寿二路,0.0
70,城中北路青赵公路,0.0
70,城中北路三元路,0.0
70,城中南路城中东路,0.0
70,城中南路老朱青路,0.0
70,城中南路沪青平公路,0.0
70,青松路沪青平公路,0.0
70,青松路城中东路,0.0
70,城中东路章浜路,0.0
70,城中东路浦仓路,0.0
70,城中东路保安路,0.0
70,公园路外青松公路,0.0
70,公园东路华青路,0.0
70,公园东路华浦路,0.0
70,公园东路华乐路,0.0
70,华乐路华科路,0.0
70,盈港东路崧文路,0.0
70,盈港东路汇金路,0.0
70,汇金路站,0.0
70,漕盈路站,0.0
70,胜利路盈福路,0.0
70,青赵公路盈中西路,0.0
70,卫中路盈中西路,0.0
70,城中西路卫中路,0.0
70,五厍浜路城中西路,0.0
70,五厍浜路老朱青路,0.0
70,环城东路城中南路,0.0
70,北淀浦河路章浜路,0.0
70,浦仓路北淀浦河路,0.0
70,青龙路华青南路,0.0
70,青舟支路华民路,0.0
70,华浦南路青舟支路,0.0
70,盈港路青安路,0.0
70,青安路沙埭浜路,0.0
70,青安路医院路,0.0
70,外青松公路沪青平公路,0.0
70,青湖路外青松公路,0.0
70,青湖路华青南路,0.0
70,青湖路华浦南路,0.0
70,青湖路华乐路,0.0
70,华乐路青湖路,0.0
70,青舟支路华乐路,0.0
70,浦仓路界泾港路,0.0
70,浦仓路体育场路,0.0
70,公园路浦仓路,0.0
70,公园路保安路,0.0
70,华浦路华科路,0.0
70,盈港东路华乐路,0.0
70,秀禾路崧泉路,0.0
71,盈港客运站,0.0
71,盈港路漕盈路(西),0.0
71,盈港路漕盈路,0.0
71,盈港路胜利路,0.0
71,盈港路万寿路,0.0
71,盈港路城中北路,0.0
71,城中北路万寿二路,0.0
71,城中北路青赵公路,0.0
71,城中北路三元路,0.0
71,城中南路城中东路,0.0
71,城中南路老朱青路,0.0
71,城中南路沪青平公路,0.0
71,青松路沪青平公路,0.0
71,青松路城中东路,0.0
71,城中东路章浜路,0.0
71,城中东路浦仓路,0.0
71,城中东路保安路,0.0
71,公园路外青松公路,0.0
71,公园东路华青路,0.0
71,公园东路华浦路,0.0
71,公园东路华乐路,0.0
71,华乐路华科路,0.0
71,盈港东路崧文路,0.0
71,盈港东路汇金路,0.0
71,汇金路站,0.0
71,漕盈路站,0.0
71,胜利路盈福路,0.0
71,青赵公路盈中西路,0.0
71,卫中路盈中西路,0.0
71,城中西路卫中路,0.0
71,五厍浜路城中西路,0.0
71,五厍浜路老朱青路,0.0
71,环城东路城中南路,0.0
71,北淀浦河路章浜路,0.0
71,浦仓路北淀浦河路,0.0
71,青龙路华青南路,0.0
71,青舟支路华民路,0.0
71,华浦南路青舟支路,0.0
71,盈港路青安路,0.0
71,青安路沙埭浜路,0.0
71,青安路医院路,0.0
71,外青松公路沪青平公路,0.0
71,青湖路外青松公路,0.0
71,青湖路华青南路,0.0
71,青湖路华浦南路,0.0
71,青湖路华乐路,0.0
71,华乐路青湖路,0.0
71,青舟支路华乐路,0.0
71,浦仓路界泾港路,0.0
71,浦仓路体育场路,0.0
71,公园路浦仓路,0.0
71,公园路保安路,0.0
71,华浦路华科路,0.0
71,盈港东路华乐路,0.0
71,秀禾路崧泉路,0.0
72,盈港客运站,0.0
72,盈港路漕盈路(西),0.0
72,盈港路漕盈路,0.0
72,盈港路胜利路,0.0
72,盈港路万寿路,0.0
72,盈港路城中北路,0.0
72,城中北路万寿二路,0.0
72,城中北路青赵公路,0.0
72,城中北路三元路,0.0
72,城中南路城中东路,0.0
72,城中南路老朱青路,0.0
72,城中南路沪青平公路,0.0
72,青松路沪青平公路,0.0
72,青松路城中东路,0.0
72,城中东路章浜路,0.0
72,城中东路浦仓路,0.0
72,城中东路保安路,0.0
72,公园路外青松公路,0.0
72,公园东路华青路,0.0
72,公园东路华浦路,0.0
72,公园东路华乐路,0.0
72,华乐路华科路,0.0
72,盈港东路崧文路,0.0
72,盈港东路汇金路,0.0
72,汇金路站,0.0
72,漕盈路站,0.0
72,胜利路盈福路,0.0
72,青赵公路盈中西路,0.0
72,卫中路盈中西路,0.0
72,城中西路卫中路,0.0
72,五厍浜路城中西路,0.0
72,五厍浜路老朱青路,0.0
72,环城东路城中南路,0.0
72,北淀浦河路章浜路,0.0
72,浦仓路北淀浦河路,0.0
72,青龙路华青南路,0.0
72,青舟支路华民路,0.0
72,华浦南路青舟支路,0.0
72,盈港路青安路,0.0
72,青安路沙埭浜路,0.0
72,青安路医院路,0.0
72,外青松公路沪青平公路,0.0
72,青湖路外青松公路,0.0
72,青湖路华青南路,0.0
72,青湖路华浦南路,0.0
72,青湖路华乐路,0.0
72,华乐路青湖路,0.0
72,青舟支路华乐路,0.0
72,浦仓路界泾港路,0.0
72,浦仓路体育场路,0.0
72,公园路浦仓路,0.0
72,公园路保安路,0.0
72,华浦路华科路,0.0
72,盈港东路华乐路,0.0
72,秀禾路崧泉路,0.0
73,盈港客运站,0.0
73,盈港路漕盈路(西),0.0
73,盈港路漕盈路,0.0
73,盈港路胜利路,0.0
73,盈港路万寿路,0.0
73,盈港路城中北路,0.0
73,城中北路万寿二路,0.0
73,城中北路青赵公路,0.0
73,城中北路三元路,0.0
73,城中南路城中东路,0.0
73,城中南路老朱青路,0.0
73,城中南路沪青平公路,0.0
73,青松路沪青平公路,0.0
73,青松路城中东路,0.0
73,城中东路章浜路,0.0
73,城中东路浦仓路,0.0
73,城中东路保安路,0.0
73,公园路外青松公路,0.0
73,公园东路华青路,0.0
73,公园东路华浦路,0.0
73,公园东路华乐路,0.0
73,华乐路华科路,0.0
73,盈港东路崧文路,0.0
73,盈港东路汇金路,0.0
73,汇金路站,0.0
73,漕盈路站,0.0
73,胜利路盈福路,0.0
73,青赵公路盈中西路,0.0
73,卫中路盈中西路,0.0
73,城中西路卫中路,0.0
73,五厍浜路城中西路,0.0
73,五厍浜路老朱青路,0.0
73,环城东路城中南路,0.0
73,北淀浦河路章浜路,0.0
73,浦仓路北淀浦河路,0.0
73,青龙路华青南路,0.0
73,青舟支路华民路,0.0
73,华浦南路青舟支路,0.0
73,盈港路青安路,0.0
73,青安路沙埭浜路,0.0
73,青安路医院路,0.0
73,外青松公路沪青平公路,0.0
73,青湖路外青松公路,0.0
73,青湖路华青南路,0.0
73,青湖路华浦南路,0.0
73,青湖路华乐路,0.0
73,华乐路青湖路,0.0
73,青舟支路华乐路,0.0
73,浦仓路界泾港路,0.0
73,浦仓路体育场路,0.0
73,公园路浦仓路,0.0
73,公园路保安路,0.0
73,华浦路华科路,0.0
73,盈港东路华乐路,0.0
73,秀禾路崧泉路,0.0
74,盈港客运站,0.0
74,盈港路漕盈路(西),0.0
74,盈港路漕盈路,0.0
74,盈港路胜利路,0.0
74,盈港路万寿路,0.0
74,盈港路城中北路,0.0
74,城中北路万寿二路,0.0
74,城中北路青赵公路,0.0
74,城中北路三元路,0.0
74,城中南路城中东路,0.0
74,城中南路老朱青路,0.0
74,城中南路沪青平公路,0.0
74,青松路沪青平公路,0.0
74,青松路城中东路,0.0
74,城中东路章浜路,0.0
74,城中东路浦仓路,0.0
74,城中东路保安路,0.0
74,公园路外青松公路,0.0
74,公园东路华青路,0.0
74,公园东路华浦路,0.0
74,公园东路华乐路,0.0
74,华乐路华科路,0.0
74,盈港东路崧文路,0.0
74,盈港东路汇金路,0.0
74,汇金路站,0.0
74,漕盈路站,0.0
74,胜利路盈福路,0.0
74,青赵公路盈中西路,0.0
74,卫中路盈中西路,0.0
74,城中西路卫中路,0.0
74,五厍浜路城中西路,0.0
74,五厍浜路老朱青路,0.0
74,环城东路城中南路,0.0
74,北淀浦河路章浜路,0.0
74,浦仓路北淀浦河路,0.0
74,青龙路华青南路,0.0
74,青舟支路华民路,0.0
74,华浦南路青舟支路,0.0
74,盈港路青安路,0.0
74,青安路沙埭浜路,0.0
74,青安路医院路,0.0
74,外青松公路沪青平公路,0.0
74,青湖路外青松公路,0.0
74,青湖路华青南路,0.0
74,青湖路华浦南路,0.0
74,青湖路华乐路,0.0
74,华乐路青湖路,0.0
74,青舟支路华乐路,0.0
74,浦仓路界泾港路,0.0
74,浦仓路体育场路,0.0
74,公园路浦仓路,0.0
74,公园路保安路,0.0
74,华浦路华科路,0.0
74,盈港东路华乐路,0.0
74,秀禾路崧泉路,0.0
75,盈港客运站,0.0
75,盈港路漕盈路(西),0.0
75,盈港路漕盈路,0.0
75,盈港路胜利路,0.0
75,盈港路万寿路,0.0
75,盈港路城中北路,0.0
75,城中北路万寿二路,0.0
75,城中北路青赵公路,0.0
75,城中北路三元路,0.0
75,城中南路城中东路,0.0
75,城中南路老朱青路,0.0
75,城中南路沪青平公路,0.0
75,青松路沪青平公路,0.0
75,青松路城中东路,0.0
75,城中东路章浜路,0.0
75,城中东路浦仓路,0.0
75,城中东路保安路,0.0
75,公园路外青松公路,0.0
75,公园东路华青路,0.0
75,公园东路华浦路,0.0
75,公园东路华乐路,0.0
75,华乐路华科路,0.0
75,盈港东路崧文路,0.0
75,盈港东路汇金路,0.0
75,汇金路站,0.0
75,漕盈路站,0.0
75,胜利路盈福路,0.0
75,青赵公路盈中西路,0.0
75,卫中路盈中西路,0.0
75,城中西路卫中路,0.0
75,五厍浜路城中西路,0.0
75,五厍浜路老朱青路,0.0
75,环城东路城中南路,0.0
75,北淀浦河路章浜路,0.0
75,浦仓路北淀浦河路,0.0
75,青龙路华青南路,0.0
75,青舟支路华民路,0.0
75,华浦南路青舟支路,0.0
75,盈港路青安路,0.0
75,青安路沙埭浜路,0.0
75,青安路医院路,0.0
75,外青松公路沪青平公路,0.0
75,青湖路外青松公路,0.0
75,青湖路华青南路,0.0
75,青湖路华浦南路,0.0
75,青湖路华乐路,0.0
75,华乐路青湖路,0.0
75,青舟支路华乐路,0.0
75,浦仓路界泾港路,0.0
75,浦仓路体育场路,0.0
75,公园路浦仓路,0.0
75,公园路保安路,0.0
75,华浦路华科路,0.0
75,盈港东路华乐路,0.0
75,秀禾路崧泉路,0.0
76,盈港客运站,0.0
76,盈港路漕盈路(西),0.0
76,盈港路漕盈路,0.0
76,盈港路胜利路,0.0
76,盈港路万寿路,0.0
76,盈港路城中北路,0.0
76,城中北路万寿二路,0.0
76,城中北路青赵公路,0.0
76,城中北路三元路,0.0
76,城中南路城中东路,0.0
76,城中南路老朱青路,0.0
76,城中南路沪青平公路,0.0
76,青松路沪青平公路,0.0
76,青松路城中东路,0.0
76,城中东路章浜路,0.0
76,城中东路浦仓路,0.0
76,城中东路保安路,0.0
76,公园路外青松公路,0.0
76,公园东路华青路,0.0
76,公园东路华浦路,0.0
76,公园东路华乐路,0.0
76,华乐路华科路,0.0
76,盈港东路崧文路,0.0
76,盈港东路汇金路,0.0
76,汇金路站,0.0
76,漕盈路站,0.0
76,胜利路盈福路,0.0
76,青赵公路盈中西路,0.0
76,卫中路盈中西路,0.0
76,城中西路卫中路,0.0
76,五厍浜路城中西路,0.0
76,五厍浜路老朱青路,0.0
76,环城东路城中南路,0.0
76,北淀浦河路章浜路,0.0
76,浦仓路北淀浦河路,0.0
76,青龙路华青南路,0.0
76,青舟支路华民路,0.0
76,华浦南路青舟支路,0.0
76,盈港路青安路,0.0
76,青安路沙埭浜路,0.0
76,青安路医院路,0.0
76,外青松公路沪青平公路,0.0
76,青湖路外青松公路,0.0
76,青湖路华青南路,0.0
76,青湖路华浦南路,0.0
76,青湖路华乐路,0.0
76,华乐路青湖路,0.0
76,青舟支路华乐路,0.0
76,浦仓路界泾港路,0.0
76,浦仓路体育场路,0.0
76,公园路浦仓路,0.0
76,公园路保安路,0.0
76,华浦路华科路,0.0
76,盈港东路华乐路,0.0
76,秀禾路崧泉路,0.0
77,盈港客运站,0.0
77,盈港路漕盈路(西),0.0
77,盈港路漕盈路,0.0
77,盈港路胜利路,0.0
77,盈港路万寿路,0.0
77,盈港路城中北路,0.0
77,城中北路万寿二路,0.0
77,城中北路青赵公路,0.0
77,城中北路三元路,0.0
77,城中南路城中东路,0.0
77,城中南路老朱青路,0.0
77,城中南路沪青平公路,0.0
77,青松路沪青平公路,0.0
77,青松路城中东路,0.0
77,城中东路章浜路,0.0
77,城中东路浦仓路,0.0
77,城中东路保安路,0.0
77,公园路外青松公路,0.0
77,公园东路华青路,0.0
77,公园东路华浦路,0.0
77,公园东路华乐路,0.0
77,华乐路华科路,0.0
77,盈港东路崧文路,0.0
77,盈港东路汇金路,0.0
77,汇金路站,0.0
77,漕盈路站,0.0
77,胜利路盈福路,0.0
77,青赵公路盈中西路,0.0
77,卫中路盈中西路,0.0
77,城中西路卫中路,0.0
77,五厍浜路城中西路,0.0
77,五厍浜路老朱青路,0.0
77,环城东路城中南路,0.0
77,北淀浦河路章浜路,0.0
77,浦仓路北淀浦河路,0.0
77,青龙路华青南路,0.0
77,青舟支路华民路,0.0
77,华浦南路青舟支路,0.0
77,盈港路青安路,0.0
77,青安路沙埭浜路,0.0
77,青安路医院路,0.0
77,外青松公路沪青平公路,0.0
77,青湖路外青松公路,0.0
77,青湖路华青南路,0.0
77,青湖路华浦南路,0.0
77,青湖路华乐路,0.0
77,华乐路青湖路,0.0
77,青舟支路华乐路,0.0
77,浦仓路界泾港路,0.0
77,浦仓路体育场路,0.0
77,公园路浦仓路,0.0
77,公园路保安路,0.0
77,华浦路华科路,0.0
77,盈港东路华乐路,0.0
77,秀禾路崧泉路,0.0
78,盈港客运站,0.0
78,盈港路漕盈路(西),0.0
78,盈港路漕盈路,0.0
78,盈港路胜利路,0.0
78,盈港路万寿路,0.0
78,盈港路城中北路,0.0
78,城中北路万寿二路,0.0
78,城中北路青赵公路,0.0
78,城中北路三元路,0.0
78,城中南路城中东路,0.0
78,城中南路老朱青路,0.0
78,城中南路沪青平公路,0.0
78,青松路沪青平公路,0.0
78,青松路城中东路,0.0
78,城中东路章浜路,0.0
78,城中东路浦仓路,0.0
78,城中东路保安路,0.0
78,公园路外青松公路,0.0
78,公园东路华青路,0.0
78,公园东路华浦路,0.0
78,公园东路华乐路,0.0
78,华乐路华科路,0.0
78,盈港东路崧文路,0.0
78,盈港东路汇金路,0.0
78,汇金路站,0.0
78,漕盈路站,0.0
78,胜利路盈福路,0.0
78,青赵公路盈中西路,0.0
78,卫中路盈中西路,0.0
78,城中西路卫中路,0.0
78,五厍浜路城中西路,0.0
78,五厍浜路老朱青路,0.0
78,环城东路城中南路,0.0
78,北淀浦河路章浜路,0.0
78,浦仓路北淀浦河路,0.0
78,青龙路华青南路,0.0
78,青舟支路华民路,0.0
78,华浦南路青舟支路,0.0
78,盈港路青安路,0.0
78,青安路沙埭浜路,0.0
78,青安路医院路,0.0
78,外青松公路沪青平公路,0.0
78,青湖路外青松公路,0.0
78,青湖路华青南路,0.0
78,青湖路华浦南路,0.0
78,青湖路华乐路,0.0
78,华乐路青湖路,0.0
78,青舟支路华乐路,0.0
78,浦仓路界泾港路,0.0
78,浦仓路体育场路,0.0
78,公园路浦仓路,0.0
78,公园路保安路,0.0
78,华浦路华科路,0.0
78,盈港东路华乐路,0.0
78,秀禾路崧泉路,0.0
79,盈港客运站,0.0
79,盈港路漕盈路(西),0.0
79,盈港路漕盈路,0.0
79,盈港路胜利路,0.0
79,盈港路万寿路,0.0
79,盈港路城中北路,0.0
79,城中北路万寿二路,0.0
79,城中北路青赵公路,0.0
79,城中北路三元路,0.0
79,城中南路城中东路,0.0
79,城中南路老朱青路,0.0
79,城中南路沪青平公路,0.0
79,青松路沪青平公路,0.0
79,青松路城中东路,0.0
79,城中东路章浜路,0.0
79,城中东路浦仓路,0.0
79,城中东路保安路,0.0
79,公园路外青松公路,0.0
79,公园东路华青路,0.0
79,公园东路华浦路,0.0
79,公园东路华乐路,0.0
79,华乐路华科路,0.0
79,盈港东路崧文路,0.0
79,盈港东路汇金路,0.0
79,汇金路站,0.0
79,漕盈路站,0.0
79,胜利路盈福路,0.0
79,青赵公路盈中西路,0.0
79,卫中路盈中西路,0.0
79,城中西路卫中路,0.0
79,五厍浜路城中西路,0.0
79,五厍浜路老朱青路,0.0
79,环城东路城中南路,0.0
79,北淀浦河路章浜路,0.0
79,浦仓路北淀浦河路,0.0
79,青龙路华青南路,0.0
79,青舟支路华民路,0.0
79,华浦南路青舟支路,0.0
79,盈港路青安路,0.0
79,青安路沙埭浜路,0.0
79,青安路医院路,0.0
79,外青松公路沪青平公路,0.0
79,青湖路外青松公路,0.0
79,青湖路华青南路,0.0
79,青湖路华浦南路,0.0
79,青湖路华乐路,0.0
79,华乐路青湖路,0.0
79,青舟支路华乐路,0.0
79,浦仓路界泾港路,0.0
79,浦仓路体育场路,0.0
79,公园路浦仓路,0.0
79,公园路保安路,0.0
79,华浦路华科路,0.0
79,盈港东路华乐路,0.0
79,秀禾路崧泉路,0.0
80,盈港客运站,0.0
80,盈港路漕盈路(西),0.0
80,盈港路漕盈路,0.0
80,盈港路胜利路,0.0
80,盈港路万寿路,0.0
80,盈港路城中北路,0.0
80,城中北路万寿二路,0.0
80,城中北路青赵公路,0.0
80,城中北路三元路,0.0
80,城中南路城中东路,0.0
80,城中南路老朱青路,0.0
80,城中南路沪青平公路,0.0
80,青松路沪青平公路,0.0
80,青松路城中东路,0.0
80,城中东路章浜路,0.0
80,城中东路浦仓路,0.0
80,城中东路保安路,0.0
80,公园路外青松公路,0.0
80,公园东路华青路,0.0
80,公园东路华浦路,0.0
80,公园东路华乐路,0.0
80,华乐路华科路,0.0
80,盈港东路崧文路,0.0
80,盈港东路汇金路,0.0
80,汇金路站,0.0
80,漕盈路站,0.0
80,胜利路盈福路,0.0
80,青赵公路盈中西路,0.0
80,卫中路盈中西路,0.0
80,城中西路卫中路,0.0
80,五厍浜路城中西路,0.0
80,五厍浜路老朱青路,0.0
80,环城东路城中南路,0.0
80,北淀浦河路章浜路,0.0
80,浦仓路北淀浦河路,0.0
80,青龙路华青南路,0.0
80,青舟支路华民路,0.0
80,华浦南路青舟支路,0.0
80,盈港路青安路,0.0
80,青安路沙埭浜路,0.0
80,青安路医院路,0.0
80,外青松公路沪青平公路,0.0
80,青湖路外青松公路,0.0
80,青湖路华青南路,0.0
80,青湖路华浦南路,0.0
80,青湖路华乐路,0.0
80,华乐路青湖路,0.0
80,青舟支路华乐路,0.0
80,浦仓路界泾港路,0.0
80,浦仓路体育场路,0.0
80,公园路浦仓路,0.0
80,公园路保安路,0.0
80,华浦路华科路,0.0
80,盈港东路华乐路,0.0
80,秀禾路崧泉路,0.0
81,盈港客运站,0.0
81,盈港路漕盈路(西),0.0
81,盈港路漕盈路,0.0
81,盈港路胜利路,0.0
81,盈港路万寿路,0.0
81,盈港路城中北路,0.0
81,城中北路万寿二路,0.0
81,城中北路青赵公路,0.0
81,城中北路三元路,0.0
81,城中南路城中东路,0.0
81,城中南路老朱青路,0.0
81,城中南路沪青平公路,0.0
81,青松路沪青平公路,0.0
81,青松路城中东路,0.0
81,城中东路章浜路,0.0
81,城中东路浦仓路,0.0
81,城中东路保安路,0.0
81,公园路外青松公路,0.0
81,公园东路华青路,0.0
81,公园东路华浦路,0.0
81,公园东路华乐路,0.0
81,华乐路华科路,0.0
81,盈港东路崧文路,0.0
81,盈港东路汇金路,0.0
81,汇金路站,0.0
81,漕盈路站,0.0
81,胜利路盈福路,0.0
81,青赵公路盈中西路,0.0
81,卫中路盈中西路,0.0
81,城中西路卫中路,0.0
81,五厍浜路城中西路,0.0
81,五厍浜路老朱青路,0.0
81,环城东路城中南路,0.0
81,北淀浦河路章浜路,0.0
81,浦仓路北淀浦河路,0.0
81,青龙路华青南路,0.0
81,青舟支路华民路,0.0
81,华浦南路青舟支路,0.0
81,盈港路青安路,0.0
81,青安路沙埭浜路,0.0
81,青安路医院路,0.0
81,外青松公路沪青平公路,0.0
81,青湖路外青松公路,0.0
81,青湖路华青南路,0.0
81,青湖路华浦南路,0.0
81,青湖路华乐路,0.0
81,华乐路青湖路,0.0
81,青舟支路华乐路,0.0
81,浦仓路界泾港路,0.0
81,浦仓路体育场路,0.0
81,公园路浦仓路,0.0
81,公园路保安路,0.0
81,华浦路华科路,0.0
81,盈港东路华乐路,0.0
81,秀禾路崧泉路,0.0
82,盈港客运站,0.0
82,盈港路漕盈路(西),0.0
82,盈港路漕盈路,0.0
82,盈港路胜利路,0.0
82,盈港路万寿路,0.0
82,盈港路城中北路,0.0
82,城中北路万寿二路,0.0
82,城中北路青赵公路,0.0
82,城中北路三元路,0.0
82,城中南路城中东路,0.0
82,城中南路老朱青路,0.0
82,城中南路沪青平公路,0.0
82,青松路沪青平公路,0.0
82,青松路城中东路,0.0
82,城中东路章浜路,0.0
82,城中东路浦仓路,0.0
82,城中东路保安路,0.0
82,公园路外青松公路,0.0
82,公园东路华青路,0.0
82,公园东路华浦路,0.0
82,公园东路华乐路,0.0
82,华乐路华科路,0.0
82,盈港东路崧文路,0.0
82,盈港东路汇金路,0.0
82,汇金路站,0.0
82,漕盈路站,0.0
82,胜利路盈福路,0.0
82,青赵公路盈中西路,0.0
82,卫中路盈中西路,0.0
82,城中西路卫中路,0.0
82,五厍浜路城中西路,0.0
82,五厍浜路老朱青路,0.0
82,环城东路城中南路,0.0
82,北淀浦河路章浜路,0.0
82,浦仓路北淀浦河路,0.0
82,青龙路华青南路,0.0
82,青舟支路华民路,0.0
82,华浦南路青舟支路,0.0
82,盈港路青安路,0.0
82,青安路沙埭浜路,0.0
82,青安路医院路,0.0
82,外青松公路沪青平公路,0.0
82,青湖路外青松公路,0.0
82,青湖路华青南路,0.0
82,青湖路华浦南路,0.0
82,青湖路华乐路,0.0
82,华乐路青湖路,0.0
82,青舟支路华乐路,0.0
82,浦仓路界泾港路,0.0
82,浦仓路体育场路,0.0
82,公园路浦仓路,0.0
82,公园路保安路,0.0
82,华浦路华科路,0.0
82,盈港东路华乐路,0.0
82,秀禾路崧泉路,0.0
83,盈港客运站,0.0
83,盈港路漕盈路(西),0.0
83,盈港路漕盈路,0.0
83,盈港路胜利路,0.0
83,盈港路万寿路,0.0
83,盈港路城中北路,0.0
83,城中北路万寿二路,0.0
83,城中北路青赵公路,0.0
83,城中北路三元路,0.0
83,城中南路城中东路,0.0
83,城中南路老朱青路,0.0
83,城中南路沪青平公路,0.0
83,青松路沪青平公路,0.0
83,青松路城中东路,0.0
83,城中东路章浜路,0.0
83,城中东路浦仓路,0.0
83,城中东路保安路,0.0
83,公园路外青松公路,0.0
83,公园东路华青路,0.0
83,公园东路华浦路,0.0
83,公园东路华乐路,0.0
83,华乐路华科路,0.0
83,盈港东路崧文路,0.0
83,盈港东路汇金路,0.0
83,汇金路站,0.0
83,漕盈路站,0.0
83,胜利路盈福路,0.0
83,青赵公路盈中西路,0.0
83,卫中路盈中西路,0.0
83,城中西路卫中路,0.0
83,五厍浜路城中西路,0.0
83,五厍浜路老朱青路,0.0
83,环城东路城中南路,0.0
83,北淀浦河路章浜路,0.0
83,浦仓路北淀浦河路,0.0
83,青龙路华青南路,0.0
83,青舟支路华民路,0.0
83,华浦南路青舟支路,0.0
83,盈港路青安路,0.0
83,青安路沙埭浜路,0.0
83,青安路医院路,0.0
83,外青松公路沪青平公路,0.0
83,青湖路外青松公路,0.0
83,青湖路华青南路,0.0
83,青湖路华浦南路,0.0
83,青湖路华乐路,0.0
83,华乐路青湖路,0.0
83,青舟支路华乐路,0.0
83,浦仓路界泾港路,0.0
83,浦仓路体育场路,0.0
83,公园路浦仓路,0.0
83,公园路保安路,0.0
83,华浦路华科路,0.0
83,盈港东路华乐路,0.0
83,秀禾路崧泉路,0.0
84,盈港客运站,0.0
84,盈港路漕盈路(西),0.0
84,盈港路漕盈路,0.0
84,盈港路胜利路,0.0
84,盈港路万寿路,0.0
84,盈港路城中北路,0.0
84,城中北路万寿二路,0.0
84,城中北路青赵公路,0.0
84,城中北路三元路,0.0
84,城中南路城中东路,0.0
84,城中南路老朱青路,0.0
84,城中南路沪青平公路,0.0
84,青松路沪青平公路,0.0
84,青松路城中东路,0.0
84,城中东路章浜路,0.0
84,城中东路浦仓路,0.0
84,城中东路保安路,0.0
84,公园路外青松公路,0.0
84,公园东路华青路,0.0
84,公园东路华浦路,0.0
84,公园东路华乐路,0.0
84,华乐路华科路,0.0
84,盈港东路崧文路,0.0
84,盈港东路汇金路,0.0
84,汇金路站,0.0
84,漕盈路站,0.0
84,胜利路盈福路,0.0
84,青赵公路盈中西路,0.0
84,卫中路盈中西路,0.0
84,城中西路卫中路,0.0
84,五厍浜路城中西路,0.0
84,五厍浜路老朱青路,0.0
84,环城东路城中南路,0.0
84,北淀浦河路章浜路,0.0
84,浦仓路北淀浦河路,0.0
84,青龙路华青南路,0.0
84,青舟支路华民路,0.0
84,华浦南路青舟支路,0.0
84,盈港路青安路,0.0
84,青安路沙埭浜路,0.0
84,青安路医院路,0.0
84,外青松公路沪青平公路,0.0
84,青湖路外青松公路,0.0
84,青湖路华青南路,0.0
84,青湖路华浦南路,0.0
84,青湖路华乐路,0.0
84,华乐路青湖路,0.0
84,青舟支路华乐路,0.0
84,浦仓路界泾港路,0.0
84,浦仓路体育场路,0.0
84,公园路浦仓路,0.0
84,公园路保安路,0.0
84,华浦路华科路,0.0
84,盈港东路华乐路,0.0
84,秀禾路崧泉路,0.0
85,盈港客运站,0.0
85,盈港路漕盈路(西),0.0
85,盈港路漕盈路,0.0
85,盈港路胜利路,0.0
85,盈港路万寿路,0.0
85,盈港路城中北路,0.0
85,城中北路万寿二路,0.0
85,城中北路青赵公路,0.0
85,城中北路三元路,0.0
85,城中南路城中东路,0.0
85,城中南路老朱青路,0.0
85,城中南路沪青平公路,0.0
85,青松路沪青平公路,0.0
85,青松路城中东路,0.0
85,城中东路章浜路,0.0
85,城中东路浦仓路,0.0
85,城中东路保安路,0.0
85,公园路外青松公路,0.0
85,公园东路华青路,0.0
85,公园东路华浦路,0.0
85,公园东路华乐路,0.0
85,华乐路华科路,0.0
85,盈港东路崧文路,0.0
85,盈港东路汇金路,0.0
85,汇金路站,0.0
85,漕盈路站,0.0
85,胜利路盈福路,0.0
85,青赵公路盈中西路,0.0
85,卫中路盈中西路,0.0
85,城中西路卫中路,0.0
85,五厍浜路城中西路,0.0
85,五厍浜路老朱青路,0.0
85,环城东路城中南路,0.0
85,北淀浦河路章浜路,0.0
85,浦仓路北淀浦河路,0.0
85,青龙路华青南路,0.0
85,青舟支路华民路,0.0
85,华浦南路青舟支路,0.0
85,盈港路青安路,0.0
85,青安路沙埭浜路,0.0
85,青安路医院路,0.0
85,外青松公路沪青平公路,0.0
85,青湖路外青松公路,0.0
85,青湖路华青南路,0.0
85,青湖路华浦南路,0.0
85,青湖路华乐路,0.0
85,华乐路青湖路,0.0
85,青舟支路华乐路,0.0
85,浦仓路界泾港路,0.0
85,浦仓路体育场路,0.0
85,公园路浦仓路,0.0
85,公园路保安路,0.0
85,华浦路华科路,0.0
85,盈港东路华乐路,0.0
85,秀禾路崧泉路,0.0
86,盈港客运站,0.0
86,盈港路漕盈路(西),0.0
86,盈港路漕盈路,0.0
86,盈港路胜利路,0.0
86,盈港路万寿路,0.0
86,盈港路城中北路,0.0
86,城中北路万寿二路,0.0
86,城中北路青赵公路,0.0
86,城中北路三元路,0.0
86,城中南路城中东路,0.0
86,城中南路老朱青路,0.0
86,城中南路沪青平公路,0.0
86,青松路沪青平公路,0.0
86,青松路城中东路,0.0
86,城中东路章浜路,0.0
86,城中东路浦仓路,0.0
86,城中东路保安路,0.0
86,公园路外青松公路,0.0
86,公园东路华青路,0.0
86,公园东路华浦路,0.0
86,公园东路华乐路,0.0
86,华乐路华科路,0.0
86,盈港东路崧文路,0.0
86,盈港东路汇金路,0.0
86,汇金路站,0.0
86,漕盈路站,0.0
86,胜利路盈福路,0.0
86,青赵公路盈中西路,0.0
86,卫中路盈中西路,0.0
86,城中西路卫中路,0.0
86,五厍浜路城中西路,0.0
86,五厍浜路老朱青路,0.0
86,环城东路城中南路,0.0
86,北淀浦河路章浜路,0.0
86,浦仓路北淀浦河路,0.0
86,青龙路华青南路,0.0
86,青舟支路华民路,0.0
86,华浦南路青舟支路,0.0
86,盈港路青安路,0.0
86,青安路沙埭浜路,0.0
86,青安路医院路,0.0
86,外青松公路沪青平公路,0.0
86,青湖路外青松公路,0.0
86,青湖路华青南路,0.0
86,青湖路华浦南路,0.0
86,青湖路华乐路,0.0
86,华乐路青湖路,0.0
86,青舟支路华乐路,0.0
86,浦仓路界泾港路,0.0
86,浦仓路体育场路,0.0
86,公园路浦仓路,0.0
86,公园路保安路,0.0
86,华浦路华科路,0.0
86,盈港东路华乐路,0.0
86,秀禾路崧泉路,0.0
87,盈港客运站,0.0
87,盈港路漕盈路(西),0.0
87,盈港路漕盈路,0.0
87,盈港路胜利路,0.0
87,盈港路万寿路,0.0
87,盈港路城中北路,0.0
87,城中北路万寿二路,0.0
87,城中北路青赵公路,0.0
87,城中北路三元路,0.0
87,城中南路城中东路,0.0
87,城中南路老朱青路,0.0
87,城中南路沪青平公路,0.0
87,青松路沪青平公路,0.0
87,青松路城中东路,0.0
87,城中东路章浜路,0.0
87,城中东路浦仓路,0.0
87,城中东路保安路,0.0
87,公园路外青松公路,0.0
87,公园东路华青路,0.0
87,公园东路华浦路,0.0
87,公园东路华乐路,0.0
87,华乐路华科路,0.0
87,盈港东路崧文路,0.0
87,盈港东路汇金路,0.0
87,汇金路站,0.0
87,漕盈路站,0.0
87,胜利路盈福路,0.0
87,青赵公路盈中西路,0.0
87,卫中路盈中西路,0.0
87,城中西路卫中路,0.0
87,五厍浜路城中西路,0.0
87,五厍浜路老朱青路,0.0
87,环城东路城中南路,0.0
87,北淀浦河路章浜路,0.0
87,浦仓路北淀浦河路,0.0
87,青龙路华青南路,0.0
87,青舟支路华民路,0.0
87,华浦南路青舟支路,0.0
87,盈港路青安路,0.0
87,青安路沙埭浜路,0.0
87,青安路医院路,0.0
87,外青松公路沪青平公路,0.0
87,青湖路外青松公路,0.0
87,青湖路华青南路,0.0
87,青湖路华浦南路,0.0
87,青湖路华乐路,0.0
87,华乐路青湖路,0.0
87,青舟支路华乐路,0.0
87,浦仓路界泾港路,0.0
87,浦仓路体育场路,0.0
87,公园路浦仓路,0.0
87,公园路保安路,0.0
87,华浦路华科路,0.0
87,盈港东路华乐路,0.0
87,秀禾路崧泉路,0.0
88,盈港客运站,0.0
88,盈港路漕盈路(西),0.0
88,盈港路漕盈路,0.0
88,盈港路胜利路,0.0
88,盈港路万寿路,0.0
88,盈港路城中北路,0.0
88,城中北路万寿二路,0.0
88,城中北路青赵公路,0.0
88,城中北路三元路,0.0
88,城中南路城中东路,0.0
88,城中南路老朱青路,0.0
88,城中南路沪青平公路,0.0
88,青松路沪青平公路,0.0
88,青松路城中东路,0.0
88,城中东路章浜路,0.0
88,城中东路浦仓路,0.0
88,城中东路保安路,0.0
88,公园路外青松公路,0.0
88,公园东路华青路,0.0
88,公园东路华浦路,0.0
88,公园东路华乐路,0.0
88,华乐路华科路,0.0
88,盈港东路崧文路,0.0
88,盈港东路汇金路,0.0
88,汇金路站,0.0
88,漕盈路站,0.0
88,胜利路盈福路,0.0
88,青赵公路盈中西路,0.0
88,卫中路盈中西路,0.0
88,城中西路卫中路,0.0
88,五厍浜路城中西路,0.0
88,五厍浜路老朱青路,0.0
88,环城东路城中南路,0.0
88,北淀浦河路章浜路,0.0
88,浦仓路北淀浦河路,0.0
88,青龙路华青南路,0.0
88,青舟支路华民路,0.0
88,华浦南路青舟支路,0.0
88,盈港路青安路,0.0
88,青安路沙埭浜路,0.0
88,青安路医院路,0.0
88,外青松公路沪青平公路,0.0
88,青湖路外青松公路,0.0
88,青湖路华青南路,0.0
88,青湖路华浦南路,0.0
88,青湖路华乐路,0.0
88,华乐路青湖路,0.0
88,青舟支路华乐路,0.0
88,浦仓路界泾港路,0.0
88,浦仓路体育场路,0.0
88,公园路浦仓路,0.0
88,公园路保安路,0.0
88,华浦路华科路,0.0
88,盈港东路华乐路,0.0
88,秀禾路崧泉路,0.0
89,盈港客运站,0.0
89,盈港路漕盈路(西),0.0
89,盈港路漕盈路,0.0
89,盈港路胜利路,0.0
89,盈港路万寿路,0.0
89,盈港路城中北路,0.0
89,城中北路万寿二路,0.0
89,城中北路青赵公路,0.0
89,城中北路三元路,0.0
89,城中南路城中东路,0.0
89,城中南路老朱青路,0.0
89,城中南路沪青平公路,0.0
89,青松路沪青平公路,0.0
89,青松路城中东路,0.0
89,城中东路章浜路,0.0
89,城中东路浦仓路,0.0
89,城中东路保安路,0.0
89,公园路外青松公路,0.0
89,公园东路华青路,0.0
89,公园东路华浦路,0.0
89,公园东路华乐路,0.0
89,华乐路华科路,0.0
89,盈港东路崧文路,0.0
89,盈港东路汇金路,0.0
89,汇金路站,0.0
89,漕盈路站,0.0
89,胜利路盈福路,0.0
89,青赵公路盈中西路,0.0
89,卫中路盈中西路,0.0
89,城中西路卫中路,0.0
89,五厍浜路城中西路,0.0
89,五厍浜路老朱青路,0.0
89,环城东路城中南路,0.0
89,北淀浦河路章浜路,0.0
89,浦仓路北淀浦河路,0.0
89,青龙路华青南路,0.0
89,青舟支路华民路,0.0
89,华浦南路青舟支路,0.0
89,盈港路青安路,0.0
89,青安路沙埭浜路,0.0
89,青安路医院路,0.0
89,外青松公路沪青平公路,0.0
89,青湖路外青松公路,0.0
89,青湖路华青南路,0.0
89,青湖路华浦南路,0.0
89,青湖路华乐路,0.0
89,华乐路青湖路,0.0
89,青舟支路华乐路,0.0
89,浦仓路界泾港路,0.0
89,浦仓路体育场路,0.0
89,公园路浦仓路,0.0
89,公园路保安路,0.0
89,华浦路华科路,0.0
89,盈港东路华乐路,0.0
89,秀禾路崧泉路,0.0
90,盈港客运站,0.0
90,盈港路漕盈路(西),0.0
90,盈港路漕盈路,0.0
90,盈港路胜利路,0.0
90,盈港路万寿路,0.0
90,盈港路城中北路,0.0
90,城中北路万寿二路,0.0
90,城中北路青赵公路,0.0
90,城中北路三元路,0.0
90,城中南路城中东路,0.0
90,城中南路老朱青路,0.0
90,城中南路沪青平公路,0.0
90,青松路沪青平公路,0.0
90,青松路城中东路,0.0
90,城中东路章浜路,0.0
90,城中东路浦仓路,0.0
90,城中东路保安路,0.0
90,公园路外青松公路,0.0
90,公园东路华青路,0.0
90,公园东路华浦路,0.0
90,公园东路华乐路,0.0
90,华乐路华科路,0.0
90,盈港东路崧文路,0.0
90,盈港东路汇金路,0.0
90,汇金路站,0.0
90,漕盈路站,0.0
90,胜利路盈福路,0.0
90,青赵公路盈中西路,0.0
90,卫中路盈中西路,0.0
90,城中西路卫中路,0.0
90,五厍浜路城中西路,0.0
90,五厍浜路老朱青路,0.0
90,环城东路城中南路,0.0
90,北淀浦河路章浜路,0.0
90,浦仓路北淀浦河路,0.0
90,青龙路华青南路,0.0
90,青舟支路华民路,0.0
90,华浦南路青舟支路,0.0
90,盈港路青安路,0.0
90,青安路沙埭浜路,0.0
90,青安路医院路,0.0
90,外青松公路沪青平公路,0.0
90,青湖路外青松公路,0.0
90,青湖路华青南路,0.0
90,青湖路华浦南路,0.0
90,青湖路华乐路,0.0
90,华乐路青湖路,0.0
90,青舟支路华乐路,0.0
90,浦仓路界泾港路,0.0
90,浦仓路体育场路,0.0
90,公园路浦仓路,0.0
90,公园路保安路,0.0
90,华浦路华科路,0.0
90,盈港东路华乐路,0.0
90,秀禾路崧泉路,0.0
91,盈港客运站,0.0
91,盈港路漕盈路(西),0.0
91,盈港路漕盈路,0.0
91,盈港路胜利路,0.0
91,盈港路万寿路,0.0
91,盈港路城中北路,0.0
91,城中北路万寿二路,0.0
91,城中北路青赵公路,0.0
91,城中北路三元路,0.0
91,城中南路城中东路,0.0
91,城中南路老朱青路,0.0
91,城中南路沪青平公路,0.0
91,青松路沪青平公路,0.0
91,青松路城中东路,0.0
91,城中东路章浜路,0.0
91,城中东路浦仓路,0.0
91,城中东路保安路,0.0
91,公园路外青松公路,0.0
91,公园东路华青路,0.0
91,公园东路华浦路,0.0
91,公园东路华乐路,0.0
91,华乐路华科路,0.0
91,盈港东路崧文路,0.0
91,盈港东路汇金路,0.0
91,汇金路站,0.0
91,漕盈路站,0.0
91,胜利路盈福路,0.0
91,青赵公路盈中西路,0.0
91,卫中路盈中西路,0.0
91,城中西路卫中路,0.0
91,五厍浜路城中西路,0.0
91,五厍浜路老朱青路,0.0
91,环城东路城中南路,0.0
91,北淀浦河路章浜路,0.0
91,浦仓路北淀浦河路,0.0
91,青龙路华青南路,0.0
91,青舟支路华民路,0.0
91,华浦南路青舟支路,0.0
91,盈港路青安路,0.0
91,青安路沙埭浜路,0.0
91,青安路医院路,0.0
91,外青松公路沪青平公路,0.0
91,青湖路外青松公路,0.0
91,青湖路华青南路,0.0
91,青湖路华浦南路,0.0
91,青湖路华乐路,0.0
91,华乐路青湖路,0.0
91,青舟支路华乐路,0.0
91,浦仓路界泾港路,0.0
91,浦仓路体育场路,0.0
91,公园路浦仓路,0.0
91,公园路保安路,0.0
91,华浦路华科路,0.0
91,盈港东路华乐路,0.0
91,秀禾路崧泉路,0.0
92,盈港客运站,0.0
92,盈港路漕盈路(西),0.0
92,盈港路漕盈路,0.0
92,盈港路胜利路,0.0
92,盈港路万寿路,0.0
92,盈港路城中北路,0.0
92,城中北路万寿二路,0.0
92,城中北路青赵公路,0.0
92,城中北路三元路,0.0
92,城中南路城中东路,0.0
92,城中南路老朱青路,0.0
92,城中南路沪青平公路,0.0
92,青松路沪青平公路,0.0
92,青松路城中东路,0.0
92,城中东路章浜路,0.0
92,城中东路浦仓路,0.0
92,城中东路保安路,0.0
92,公园路外青松公路,0.0
92,公园东路华青路,0.0
92,公园东路华浦路,0.0
92,公园东路华乐路,0.0
92,华乐路华科路,0.0
92,盈港东路崧文路,0.0
92,盈港东路汇金路,0.0
92,汇金路站,0.0
92,漕盈路站,0.0
92,胜利路盈福路,0.0
92,青赵公路盈中西路,0.0
92,卫中路盈中西路,0.0
92,城中西路卫中路,0.0
92,五厍浜路城中西路,0.0
92,五厍浜路老朱青路,0.0
92,环城东路城中南路,0.0
92,北淀浦河路章浜路,0.0
92,浦仓路北淀浦河路,0.0
92,青龙路华青南路,0.0
92,青舟支路华民路,0.0
92,华浦南路青舟支路,0.0
92,盈港路青安路,0.0
92,青安路沙埭浜路,0.0
92,青安路医院路,0.0
92,外青松公路沪青平公路,0.0
92,青湖路外青松公路,0.0
92,青湖路华青南路,0.0
92,青湖路华浦南路,0.0
92,青湖路华乐路,0.0
92,华乐路青湖路,0.0
92,青舟支路华乐路,0.0
92,浦仓路界泾港路,0.0
92,浦仓路体育场路,0.0
92,公园路浦仓路,0.0
92,公园路保安路,0.0
92,华浦路华科路,0.0
92,盈港东路华乐路,0.0
92,秀禾路崧泉路,0.0
93,盈港客运站,0.0
93,盈港路漕盈路(西),0.0
93,盈港路漕盈路,0.0
93,盈港路胜利路,0.0
93,盈港路万寿路,0.0
93,盈港路城中北路,0.0
93,城中北路万寿二路,0.0
93,城中北路青赵公路,0.0
93,城中北路三元路,0.0
93,城中南路城中东路,0.0
93,城中南路老朱青路,0.0
93,城中南路沪青平公路,0.0
93,青松路沪青平公路,0.0
93,青松路城中东路,0.0
93,城中东路章浜路,0.0
93,城中东路浦仓路,0.0
93,城中东路保安路,0.0
93,公园路外青松公路,0.0
93,公园东路华青路,0.0
93,公园东路华浦路,0.0
93,公园东路华乐路,0.0
93,华乐路华科路,0.0
93,盈港东路崧文路,0.0
93,盈港东路汇金路,0.0
93,汇金路站,0.0
93,漕盈路站,0.0
93,胜利路盈福路,0.0
93,青赵公路盈中西路,0.0
93,卫中路盈中西路,0.0
93,城中西路卫中路,0.0
93,五厍浜路城中西路,0.0
93,五厍浜路老朱青路,0.0
93,环城东路城中南路,0.0
93,北淀浦河路章浜路,0.0
93,浦仓路北淀浦河路,0.0
93,青龙路华青南路,0.0
93,青舟支路华民路,0.0
93,华浦南路青舟支路,0.0
93,盈港路青安路,0.0
93,青安路沙埭浜路,0.0
93,青安路医院路,0.0
93,外青松公路沪青平公路,0.0
93,青湖路外青松公路,0.0
93,青湖路华青南路,0.0
93,青湖路华浦南路,0.0
93,青湖路华乐路,0.0
93,华乐路青湖路,0.0
93,青舟支路华乐路,0.0
93,浦仓路界泾港路,0.0
93,浦仓路体育场路,0.0
93,公园路浦仓路,0.0
93,公园路保安路,0.0
93,华浦路华科路,0.0
93,盈港东路华乐路,0.0
93,秀禾路崧泉路,0.0
94,盈港客运站,0.0
94,盈港路漕盈路(西),0.0
94,盈港路漕盈路,0.0
94,盈港路胜利路,0.0
94,盈港路万寿路,0.0
94,盈港路城中北路,0.0
94,城中北路万寿二路,0.0
94,城中北路青赵公路,0.0
94,城中北路三元路,0.0
94,城中南路城中东路,0.0
94,城中南路老朱青路,0.0
94,城中南路沪青平公路,0.0
94,青松路沪青平公路,0.0
94,青松路城中东路,0.0
94,城中东路章浜路,0.0
94,城中东路浦仓路,0.0
94,城中东路保安路,0.0
94,公园路外青松公路,0.0
94,公园东路华青路,0.0
94,公园东路华浦路,0.0
94,公园东路华乐路,0.0
94,华乐路华科路,0.0
94,盈港东路崧文路,0.0
94,盈港东路汇金路,0.0
94,汇金路站,0.0
94,漕盈路站,0.0
94,胜利路盈福路,0.0
94,青赵公路盈中西路,0.0
94,卫中路盈中西路,0.0
94,城中西路卫中路,0.0
94,五厍浜路城中西路,0.0
94,五厍浜路老朱青路,0.0
94,环城东路城中南路,0.0
94,北淀浦河路章浜路,0.0
94,浦仓路北淀浦河路,0.0
94,青龙路华青南路,0.0
94,青舟支路华民路,0.0
94,华浦南路青舟支路,0.0
94,盈港路青安路,0.0
94,青安路沙埭浜路,0.0
94,青安路医院路,0.0
94,外青松公路沪青平公路,0.0
94,青湖路外青松公路,0.0
94,青湖路华青南路,0.0
94,青湖路华浦南路,0.0
94,青湖路华乐路,0.0
94,华乐路青湖路,0.0
94,青舟支路华乐路,0.0
94,浦仓路界泾港路,0.0
94,浦仓路体育场路,0.0
94,公园路浦仓路,0.0
94,公园路保安路,0.0
94,华浦路华科路,0.0
94,盈港东路华乐路,0.0
94,秀禾路崧泉路,0.0
95,盈港客运站,0.0
95,盈港路漕盈路(西),0.0
95,盈港路漕盈路,0.0
95,盈港路胜利路,0.0
95,盈港路万寿路,0.0
95,盈港路城中北路,0.0
95,城中北路万寿二路,0.0
95,城中北路青赵公路,0.0
95,城中北路三元路,0.0
95,城中南路城中东路,0.0
95,城中南路老朱青路,0.0
95,城中南路沪青平公路,0.0
95,青松路沪青平公路,0.0
95,青松路城中东路,0.0
95,城中东路章浜路,0.0
95,城中东路浦仓路,0.0
95,城中东路保安路,0.0
95,公园路外青松公路,0.0
95,公园东路华青路,0.0
95,公园东路华浦路,0.0
95,公园东路华乐路,0.0
95,华乐路华科路,0.0
95,盈港东路崧文路,0.0
95,盈港东路汇金路,0.0
95,汇金路站,0.0
95,漕盈路站,0.0
95,胜利路盈福路,0.0
95,青赵公路盈中西路,0.0
95,卫中路盈中西路,0.0
95,城中西路卫中路,0.0
95,五厍浜路城中西路,0.0
95,五厍浜路老朱青路,0.0
95,环城东路城中南路,0.0
95,北淀浦河路章浜路,0.0
95,浦仓路北淀浦河路,0.0
95,青龙路华青南路,0.0
95,青舟支路华民路,0.0
95,华浦南路青舟支路,0.0
95,盈港路青安路,0.0
95,青安路沙埭浜路,0.0
95,青安路医院路,0.0
95,外青松公路沪青平公路,0.0
95,青湖路外青松公路,0.0
95,青湖路华青南路,0.0
95,青湖路华浦南路,0.0
95,青湖路华乐路,0.0
95,华乐路青湖路,0.0
95,青舟支路华乐路,0.0
95,浦仓路界泾港路,0.0
95,浦仓路体育场路,0.0
95,公园路浦仓路,0.0
95,公园路保安路,0.0
95,华浦路华科路,0.0
95,盈港东路华乐路,0.0
95,秀禾路崧泉路,0.0
96,盈港客运站,0.0
96,盈港路漕盈路(西),0.0
96,盈港路漕盈路,0.0
96,盈港路胜利路,0.0
96,盈港路万寿路,0.0
96,盈港路城中北路,0.0
96,城中北路万寿二路,0.0
96,城中北路青赵公路,0.0
96,城中北路三元路,0.0
96,城中南路城中东路,0.0
96,城中南路老朱青路,0.0
96,城中南路沪青平公路,0.0
96,青松路沪青平公路,0.0
96,青松路城中东路,0.0
96,城中东路章浜路,0.0
96,城中东路浦仓路,0.0
96,城中东路保安路,0.0
96,公园路外青松公路,0.0
96,公园东路华青路,0.0
96,公园东路华浦路,0.0
96,公园东路华乐路,0.0
96,华乐路华科路,0.0
96,盈港东路崧文路,0.0
96,盈港东路汇金路,0.0
96,汇金路站,0.0
96,漕盈路站,0.0
96,胜利路盈福路,0.0
96,青赵公路盈中西路,0.0
96,卫中路盈中西路,0.0
96,城中西路卫中路,0.0
96,五厍浜路城中西路,0.0
96,五厍浜路老朱青路,0.0
96,环城东路城中南路,0.0
96,北淀浦河路章浜路,0.0
96,浦仓路北淀浦河路,0.0
96,青龙路华青南路,0.0
96,青舟支路华民路,0.0
96,华浦南路青舟支路,0.0
96,盈港路青安路,0.0
96,青安路沙埭浜路,0.0
96,青安路医院路,0.0
96,外青松公路沪青平公路,0.0
96,青湖路外青松公路,0.0
96,青湖路华青南路,0.0
96,青湖路华浦南路,0.0
96,青湖路华乐路,0.0
96,华乐路青湖路,0.0
96,青舟支路华乐路,0.0
96,浦仓路界泾港路,0.0
96,浦仓路体育场路,0.0
96,公园路浦仓路,0.0
96,公园路保安路,0.0
96,华浦路华科路,0.0
96,盈港东路华乐路,0.0
96,秀禾路崧泉路,0.0
97,盈港客运站,0.0
97,盈港路漕盈路(西),0.0
97,盈港路漕盈路,0.0
97,盈港路胜利路,0.0
97,盈港路万寿路,0.0
97,盈港路城中北路,0.0
97,城中北路万寿二路,0.0
97,城中北路青赵公路,0.0
97,城中北路三元路,0.0
97,城中南路城中东路,0.0
97,城中南路老朱青路,0.0
97,城中南路沪青平公路,0.0
97,青松路沪青平公路,0.0
97,青松路城中东路,0.0
97,城中东路章浜路,0.0
97,城中东路浦仓路,0.0
97,城中东路保安路,0.0
97,公园路外青松公路,0.0
97,公园东路华青路,0.0
97,公园东路华浦路,0.0
97,公园东路华乐路,0.0
97,华乐路华科路,0.0
97,盈港东路崧文路,0.0
97,盈港东路汇金路,0.0
97,汇金路站,0.0
97,漕盈路站,0.0
97,胜利路盈福路,0.0
97,青赵公路盈中西路,0.0
97,卫中路盈中西路,0.0
97,城中西路卫中路,0.0
97,五厍浜路城中西路,0.0
97,五厍浜路老朱青路,0.0
97,环城东路城中南路,0.0
97,北淀浦河路章浜路,0.0
97,浦仓路北淀浦河路,0.0
97,青龙路华青南路,0.0
97,青舟支路华民路,0.0
97,华浦南路青舟支路,0.0
97,盈港路青安路,0.0
97,青安路沙埭浜路,0.0
97,青安路医院路,0.0
97,外青松公路沪青平公路,0.0
97,青湖路外青松公路,0.0
97,青湖路华青南路,0.0
97,青湖路华浦南路,0.0
97,青湖路华乐路,0.0
97,华乐路青湖路,0.0
97,青舟支路华乐路,0.0
97,浦仓路界泾港路,0.0
97,浦仓路体育场路,0.0
97,公园路浦仓路,0.0
97,公园路保安路,0.0
97,华浦路华科路,0.0
97,盈港东路华乐路,0.0
97,秀禾路崧泉路,0.0
98,盈港客运站,0.0
98,盈港路漕盈路(西),0.0
98,盈港路漕盈路,0.0
98,盈港路胜利路,0.0
98,盈港路万寿路,0.0
98,盈港路城中北路,0.0
98,城中北路万寿二路,0.0
98,城中北路青赵公路,0.0
98,城中北路三元路,0.0
98,城中南路城中东路,0.0
98,城中南路老朱青路,0.0
98,城中南路沪青平公路,0.0
98,青松路沪青平公路,0.0
98,青松路城中东路,0.0
98,城中东路章浜路,0.0
98,城中东路浦仓路,0.0
98,城中东路保安路,0.0
98,公园路外青松公路,0.0
98,公园东路华青路,0.0
98,公园东路华浦路,0.0
98,公园东路华乐路,0.0
98,华乐路华科路,0.0
98,盈港东路崧文路,0.0
98,盈港东路汇金路,0.0
98,汇金路站,0.0
98,漕盈路站,0.0
98,胜利路盈福路,0.0
98,青赵公路盈中西路,0.0
98,卫中路盈中西路,0.0
98,城中西路卫中路,0.0
98,五厍浜路城中西路,0.0
98,五厍浜路老朱青路,0.0
98,环城东路城中南路,0.0
98,北淀浦河路章浜路,0.0
98,浦仓路北淀浦河路,0.0
98,青龙路华青南路,0.0
98,青舟支路华民路,0.0
98,华浦南路青舟支路,0.0
98,盈港路青安路,0.0
98,青安路沙埭浜路,0.0
98,青安路医院路,0.0
98,外青松公路沪青平公路,0.0
98,青湖路外青松公路,0.0
98,青湖路华青南路,0.0
98,青湖路华浦南路,0.0
98,青湖路华乐路,0.0
98,华乐路青湖路,0.0
98,青舟支路华乐路,0.0
98,浦仓路界泾港路,0.0
98,浦仓路体育场路,0.0
98,公园路浦仓路,0.0
98,公园路保安路,0.0
98,华浦路华科路,0.0
98,盈港东路华乐路,0.0
98,秀禾路崧泉路,0.0
99,盈港客运站,0.0
99,盈港路漕盈路(西),0.0
99,盈港路漕盈路,0.0
99,盈港路胜利路,0.0
99,盈港路万寿路,0.0
99,盈港路城中北路,0.0
99,城中北路万寿二路,0.0
99,城中北路青赵公路,0.0
99,城中北路三元路,0.0
99,城中南路城中东路,0.0
99,城中南路老朱青路,0.0
99,城中南路沪青平公路,0.0
99,青松路沪青平公路,0.0
99,青松路城中东路,0.0
99,城中东路章浜路,0.0
99,城中东路浦仓路,0.0
99,城中东路保安路,0.0
99,公园路外青松公路,0.0
99,公园东路华青路,0.0
99,公园东路华浦路,0.0
99,公园东路华乐路,0.0
99,华乐路华科路,0.0
99,盈港东路崧文路,0.0
99,盈港东路汇金路,0.0
99,汇金路站,0.0
99,漕盈路站,0.0
99,胜利路盈福路,0.0
99,青赵公路盈中西路,0.0
99,卫中路盈中西路,0.0
99,城中西路卫中路,0.0
99,五厍浜路城中西路,0.0
99,五厍浜路老朱青路,0.0
99,环城东路城中南路,0.0
99,北淀浦河路章浜路,0.0
99,浦仓路北淀浦河路,0.0
99,青龙路华青南路,0.0
99,青舟支路华民路,0.0
99,华浦南路青舟支路,0.0
99,盈港路青安路,0.0
99,青安路沙埭浜路,0.0
99,青安路医院路,0.0
99,外青松公路沪青平公路,0.0
99,青湖路外青松公路,0.0
99,青湖路华青南路,0.0
99,青湖路华浦南路,0.0
99,青湖路华乐路,0.0
99,华乐路青湖路,0.0
99,青舟支路华乐路,0.0
99,浦仓路界泾港路,0.0
99,浦仓路体育场路,0.0
99,公园路浦仓路,0.0
99,公园路保安路,0.0
99,华浦路华科路,0.0
99,盈港东路华乐路,0.0
99,秀禾路崧泉路,0.0
100,盈港客运站,0.0
100,盈港路漕盈路(西),0.0
100,盈港路漕盈路,0.0
100,盈港路胜利路,0.0
100,盈港路万寿路,0.0
100,盈港路城中北路,0.0
100,城中北路万寿二路,0.0
100,城中北路青赵公路,0.0
100,城中北路三元路,0.0
100,城中南路城中东路,0.0
100,城中南路老朱青路,0.0
100,城中南路沪青平公路,0.0
100,青松路沪青平公路,0.0
100,青松路城中东路,0.0
100,城中东路章浜路,0.0
100,城中东路浦仓路,0.0
100,城中东路保安路,0.0
100,公园路外青松公路,0.0
100,公园东路华青路,0.0
100,公园东路华浦路,0.0
100,公园东路华乐路,0.0
100,华乐路华科路,0.0
100,盈港东路崧文路,0.0
100,盈港东路汇金路,0.0
100,汇金路站,0.0
100,漕盈路站,0.0
100,胜利路盈福路,0.0
100,青赵公路盈中西路,0.0
100,卫中路盈中西路,0.0
100,城中西路卫中路,0.0
100,五厍浜路城中西路,0.0
100,五厍浜路老朱青路,0.0
100,环城东路城中南路,0.0
100,北淀浦河路章浜路,0.0
100,浦仓路北淀浦河路,0.0
100,青龙路华青南路,0.0
100,青舟支路华民路,0.0
100,华浦南路青舟支路,0.0
100,盈港路青安路,0.0
100,青安路沙埭浜路,0.0
100,青安路医院路,0.0
100,外青松公路沪青平公路,0.0
100,青湖路外青松公路,0.0
100,青湖路华青南路,0.0
100,青湖路华浦南路,0.0
100,青湖路华乐路,0.0
100,华乐路青湖路,0.0
100,青舟支路华乐路,0.0
100,浦仓路界泾港路,0.0
100,浦仓路体育场路,0.0
100,公园路浦仓路,0.0
100,公园路保安路,0.0
100,华浦路华科路,0.0
100,盈港东路华乐路,0.0
100,秀禾路崧泉路,0.0
101,盈港客运站,0.0
101,盈港路漕盈路(西),0.0
101,盈港路漕盈路,0.0
101,盈港路胜利路,0.0
101,盈港路万寿路,0.0
101,盈港路城中北路,0.0
101,城中北路万寿二路,0.0
101,城中北路青赵公路,0.0
101,城中北路三元路,0.0
101,城中南路城中东路,0.0
101,城中南路老朱青路,0.0
101,城中南路沪青平公路,0.0
101,青松路沪青平公路,0.0
101,青松路城中东路,0.0
101,城中东路章浜路,0.0
101,城中东路浦仓路,0.0
101,城中东路保安路,0.0
101,公园路外青松公路,0.0
101,公园东路华青路,0.0
101,公园东路华浦路,0.0
101,公园东路华乐路,0.0
101,华乐路华科路,0.0
101,盈港东路崧文路,0.0
101,盈港东路汇金路,0.0
101,汇金路站,0.0
101,漕盈路站,0.0
101,胜利路盈福路,0.0
101,青赵公路盈中西路,0.0
101,卫中路盈中西路,0.0
101,城中西路卫中路,0.0
101,五厍浜路城中西路,0.0
101,五厍浜路老朱青路,0.0
101,环城东路城中南路,0.0
101,北淀浦河路章浜路,0.0
101,浦仓路北淀浦河路,0.0
101,青龙路华青南路,0.0
101,青舟支路华民路,0.0
101,华浦南路青舟支路,0.0
101,盈港路青安路,0.0
101,青安路沙埭浜路,0.0
101,青安路医院路,0.0
101,外青松公路沪青平公路,0.0
101,青湖路外青松公路,0.0
101,青湖路华青南路,0.0
101,青湖路华浦南路,0.0
101,青湖路华乐路,0.0
101,华乐路青湖路,0.0
101,青舟支路华乐路,0.0
101,浦仓路界泾港路,0.0
101,浦仓路体育场路,0.0
101,公园路浦仓路,0.0
101,公园路保安路,0.0
101,华浦路华科路,0.0
101,盈港东路华乐路,0.0
101,秀禾路崧泉路,0.0
102,盈港客运站,0.0
102,盈港路漕盈路(西),0.0
102,盈港路漕盈路,0.0
102,盈港路胜利路,0.0
102,盈港路万寿路,0.0
102,盈港路城中北路,0.0
102,城中北路万寿二路,0.0
102,城中北路青赵公路,0.0
102,城中北路三元路,0.0
102,城中南路城中东路,0.0
102,城中南路老朱青路,0.0
102,城中南路沪青平公路,0.0
102,青松路沪青平公路,0.0
102,青松路城中东路,0.0
102,城中东路章浜路,0.0
102,城中东路浦仓路,0.0
102,城中东路保安路,0.0
102,公园路外青松公路,0.0
102,公园东路华青路,0.0
102,公园东路华浦路,0.0
102,公园东路华乐路,0.0
102,华乐路华科路,0.0
102,盈港东路崧文路,0.0
102,盈港东路汇金路,0.0
102,汇金路站,0.0
102,漕盈路站,0.0
102,胜利路盈福路,0.0
102,青赵公路盈中西路,0.0
102,卫中路盈中西路,0.0
102,城中西路卫中路,0.0
102,五厍浜路城中西路,0.0
102,五厍浜路老朱青路,0.0
102,环城东路城中南路,0.0
102,北淀浦河路章浜路,0.0
102,浦仓路北淀浦河路,0.0
102,青龙路华青南路,0.0
102,青舟支路华民路,0.0
102,华浦南路青舟支路,0.0
102,盈港路青安路,0.0
102,青安路沙埭浜路,0.0
102,青安路医院路,0.0
102,外青松公路沪青平公路,0.0
102,青湖路外青松公路,0.0
102,青湖路华青南路,0.0
102,青湖路华浦南路,0.0
102,青湖路华乐路,0.0
102,华乐路青湖路,0.0
102,青舟支路华乐路,0.0
102,浦仓路界泾港路,0.0
102,浦仓路体育场路,0.0
102,公园路浦仓路,0.0
102,公园路保安路,0.0
102,华浦路华科路,0.0
102,盈港东路华乐路,0.0
102,秀禾路崧泉路,0.0
103,盈港客运站,0.0
103,盈港路漕盈路(西),0.0
103,盈港路漕盈路,0.0
103,盈港路胜利路,0.0
103,盈港路万寿路,0.0
103,盈港路城中北路,0.0
103,城中北路万寿二路,0.0
103,城中北路青赵公路,0.0
103,城中北路三元路,0.0
103,城中南路城中东路,0.0
103,城中南路老朱青路,0.0
103,城中南路沪青平公路,0.0
103,青松路沪青平公路,0.0
103,青松路城中东路,0.0
103,城中东路章浜路,0.0
103,城中东路浦仓路,0.0
103,城中东路保安路,0.0
103,公园路外青松公路,0.0
103,公园东路华青路,0.0
103,公园东路华浦路,0.0
103,公园东路华乐路,0.0
103,华乐路华科路,0.0
103,盈港东路崧文路,0.0
103,盈港东路汇金路,0.0
103,汇金路站,0.0
103,漕盈路站,0.0
103,胜利路盈福路,0.0
103,青赵公路盈中西路,0.0
103,卫中路盈中西路,0.0
103,城中西路卫中路,0.0
103,五厍浜路城中西路,0.0
103,五厍浜路老朱青路,0.0
103,环城东路城中南路,0.0
103,北淀浦河路章浜路,0.0
103,浦仓路北淀浦河路,0.0
103,青龙路华青南路,0.0
103,青舟支路华民路,0.0
103,华浦南路青舟支路,0.0
103,盈港路青安路,0.0
103,青安路沙埭浜路,0.0
103,青安路医院路,0.0
103,外青松公路沪青平公路,0.0
103,青湖路外青松公路,0.0
103,青湖路华青南路,0.0
103,青湖路华浦南路,0.0
103,青湖路华乐路,0.0
103,华乐路青湖路,0.0
103,青舟支路华乐路,0.0
103,浦仓路界泾港路,0.0
103,浦仓路体育场路,0.0
103,公园路浦仓路,0.0
103,公园路保安路,0.0
103,华浦路华科路,0.0
103,盈港东路华乐路,0.0
103,秀禾路崧泉路,0.0
104,盈港客运站,0.0
104,盈港路漕盈路(西),0.0
104,盈港路漕盈路,0.0
104,盈港路胜利路,0.0
104,盈港路万寿路,0.0
104,盈港路城中北路,0.0
104,城中北路万寿二路,0.0
104,城中北路青赵公路,0.0
104,城中北路三元路,0.0
104,城中南路城中东路,0.0
104,城中南路老朱青路,0.0
104,城中南路沪青平公路,0.0
104,青松路沪青平公路,0.0
104,青松路城中东路,0.0
104,城中东路章浜路,0.0
104,城中东路浦仓路,0.0
104,城中东路保安路,0.0
104,公园路外青松公路,0.0
104,公园东路华青路,0.0
104,公园东路华浦路,0.0
104,公园东路华乐路,0.0
104,华乐路华科路,0.0
104,盈港东路崧文路,0.0
104,盈港东路汇金路,0.0
104,汇金路站,0.0
104,漕盈路站,0.0
104,胜利路盈福路,0.0
104,青赵公路盈中西路,0.0
104,卫中路盈中西路,0.0
104,城中西路卫中路,0.0
104,五厍浜路城中西路,0.0
104,五厍浜路老朱青路,0.0
104,环城东路城中南路,0.0
104,北淀浦河路章浜路,0.0
104,浦仓路北淀浦河路,0.0
104,青龙路华青南路,0.0
104,青舟支路华民路,0.0
104,华浦南路青舟支路,0.0
104,盈港路青安路,0.0
104,青安路沙埭浜路,0.0
104,青安路医院路,0.0
104,外青松公路沪青平公路,0.0
104,青湖路外青松公路,0.0
104,青湖路华青南路,0.0
104,青湖路华浦南路,0.0
104,青湖路华乐路,0.0
104,华乐路青湖路,0.0
104,青舟支路华乐路,0.0
104,浦仓路界泾港路,0.0
104,浦仓路体育场路,0.0
104,公园路浦仓路,0.0
104,公园路保安路,0.0
104,华浦路华科路,0.0
104,盈港东路华乐路,0.0
104,秀禾路崧泉路,0.0
105,盈港客运站,0.0
105,盈港路漕盈路(西),0.0
105,盈港路漕盈路,0.0
105,盈港路胜利路,0.0
105,盈港路万寿路,0.0
105,盈港路城中北路,0.0
105,城中北路万寿二路,0.0
105,城中北路青赵公路,0.0
105,城中北路三元路,0.0
105,城中南路城中东路,0.0
105,城中南路老朱青路,0.0
105,城中南路沪青平公路,0.0
105,青松路沪青平公路,0.0
105,青松路城中东路,0.0
105,城中东路章浜路,0.0
105,城中东路浦仓路,0.0
105,城中东路保安路,0.0
105,公园路外青松公路,0.0
105,公园东路华青路,0.0
105,公园东路华浦路,0.0
105,公园东路华乐路,0.0
105,华乐路华科路,0.0
105,盈港东路崧文路,0.0
105,盈港东路汇金路,0.0
105,汇金路站,0.0
105,漕盈路站,0.0
105,胜利路盈福路,0.0
105,青赵公路盈中西路,0.0
105,卫中路盈中西路,0.0
105,城中西路卫中路,0.0
105,五厍浜路城中西路,0.0
105,五厍浜路老朱青路,0.0
105,环城东路城中南路,0.0
105,北淀浦河路章浜路,0.0
105,浦仓路北淀浦河路,0.0
105,青龙路华青南路,0.0
105,青舟支路华民路,0.0
105,华浦南路青舟支路,0.0
105,盈港路青安路,0.0
105,青安路沙埭浜路,0.0
105,青安路医院路,0.0
105,外青松公路沪青平公路,0.0
105,青湖路外青松公路,0.0
105,青湖路华青南路,0.0
105,青湖路华浦南路,0.0
105,青湖路华乐路,0.0
105,华乐路青湖路,0.0
105,青舟支路华乐路,0.0
105,浦仓路界泾港路,0.0
105,浦仓路体育场路,0.0
105,公园路浦仓路,0.0
105,公园路保安路,0.0
105,华浦路华科路,0.0
105,盈港东路华乐路,0.0
105,秀禾路崧泉路,0.0
106,盈港客运站,0.0
106,盈港路漕盈路(西),0.0
106,盈港路漕盈路,0.0
106,盈港路胜利路,0.0
106,盈港路万寿路,0.0
106,盈港路城中北路,0.0
106,城中北路万寿二路,0.0
106,城中北路青赵公路,0.0
106,城中北路三元路,0.0
106,城中南路城中东路,0.0
106,城中南路老朱青路,0.0
106,城中南路沪青平公路,0.0
106,青松路沪青平公路,0.0
106,青松路城中东路,0.0
106,城中东路章浜路,0.0
106,城中东路浦仓路,0.0
106,城中东路保安路,0.0
106,公园路外青松公路,0.0
106,公园东路华青路,0.0
106,公园东路华浦路,0.0
106,公园东路华乐路,0.0
106,华乐路华科路,0.0
106,盈港东路崧文路,0.0
106,盈港东路汇金路,0.0
106,汇金路站,0.0
106,漕盈路站,0.0
106,胜利路盈福路,0.0
106,青赵公路盈中西路,0.0
106,卫中路盈中西路,0.0
106,城中西路卫中路,0.0
106,五厍浜路城中西路,0.0
106,五厍浜路老朱青路,0.0
106,环城东路城中南路,0.0
106,北淀浦河路章浜路,0.0
106,浦仓路北淀浦河路,0.0
106,青龙路华青南路,0.0
106,青舟支路华民路,0.0
106,华浦南路青舟支路,0.0
106,盈港路青安路,0.0
106,青安路沙埭浜路,0.0
106,青安路医院路,0.0
106,外青松公路沪青平公路,0.0
106,青湖路外青松公路,0.0
106,青湖路华青南路,0.0
106,青湖路华浦南路,0.0
106,青湖路华乐路,0.0
106,华乐路青湖路,0.0
106,青舟支路华乐路,0.0
106,浦仓路界泾港路,0.0
106,浦仓路体育场路,0.0
106,公园路浦仓路,0.0
106,公园路保安路,0.0
106,华浦路华科路,0.0
106,盈港东路华乐路,0.0
106,秀禾路崧泉路,0.0
107,盈港客运站,0.0
107,盈港路漕盈路(西),0.0
107,盈港路漕盈路,0.0
107,盈港路胜利路,0.0
107,盈港路万寿路,0.0
107,盈港路城中北路,0.0
107,城中北路万寿二路,0.0
107,城中北路青赵公路,0.0
107,城中北路三元路,0.0
107,城中南路城中东路,0.0
107,城中南路老朱青路,0.0
107,城中南路沪青平公路,0.0
107,青松路沪青平公路,0.0
107,青松路城中东路,0.0
107,城中东路章浜路,0.0
107,城中东路浦仓路,0.0
107,城中东路保安路,0.0
107,公园路外青松公路,0.0
107,公园东路华青路,0.0
107,公园东路华浦路,0.0
107,公园东路华乐路,0.0
107,华乐路华科路,0.0
107,盈港东路崧文路,0.0
107,盈港东路汇金路,0.0
107,汇金路站,0.0
107,漕盈路站,0.0
107,胜利路盈福路,0.0
107,青赵公路盈中西路,0.0
107,卫中路盈中西路,0.0
107,城中西路卫中路,0.0
107,五厍浜路城中西路,0.0
107,五厍浜路老朱青路,0.0
107,环城东路城中南路,0.0
107,北淀浦河路章浜路,0.0
107,浦仓路北淀浦河路,0.0
107,青龙路华青南路,0.0
107,青舟支路华民路,0.0
107,华浦南路青舟支路,0.0
107,盈港路青安路,0.0
107,青安路沙埭浜路,0.0
107,青安路医院路,0.0
107,外青松公路沪青平公路,0.0
107,青湖路外青松公路,0.0
107,青湖路华青南路,0.0
107,青湖路华浦南路,0.0
107,青湖路华乐路,0.0
107,华乐路青湖路,0.0
107,青舟支路华乐路,0.0
107,浦仓路界泾港路,0.0
107,浦仓路体育场路,0.0
107,公园路浦仓路,0.0
107,公园路保安路,0.0
107,华浦路华科路,0.0
107,盈港东路华乐路,0.0
107,秀禾路崧泉路,0.0
108,盈港客运站,0.0
108,盈港路漕盈路(西),0.0
108,盈港路漕盈路,0.0
108,盈港路胜利路,0.0
108,盈港路万寿路,0.0
108,盈港路城中北路,0.0
108,城中北路万寿二路,0.0
108,城中北路青赵公路,0.0
108,城中北路三元路,0.0
108,城中南路城中东路,0.0
108,城中南路老朱青路,0.0
108,城中南路沪青平公路,0.0
108,青松路沪青平公路,0.0
108,青松路城中东路,0.0
108,城中东路章浜路,0.0
108,城中东路浦仓路,0.0
108,城中东路保安路,0.0
108,公园路外青松公路,0.0
108,公园东路华青路,0.0
108,公园东路华浦路,0.0
108,公园东路华乐路,0.0
108,华乐路华科路,0.0
108,盈港东路崧文路,0.0
108,盈港东路汇金路,0.0
108,汇金路站,0.0
108,漕盈路站,0.0
108,胜利路盈福路,0.0
108,青赵公路盈中西路,0.0
108,卫中路盈中西路,0.0
108,城中西路卫中路,0.0
108,五厍浜路城中西路,0.0
108,五厍浜路老朱青路,0.0
108,环城东路城中南路,0.0
108,北淀浦河路章浜路,0.0
108,浦仓路北淀浦河路,0.0
108,青龙路华青南路,0.0
108,青舟支路华民路,0.0
108,华浦南路青舟支路,0.0
108,盈港路青安路,0.0
108,青安路沙埭浜路,0.0
108,青安路医院路,0.0
108,外青松公路沪青平公路,0.0
108,青湖路外青松公路,0.0
108,青湖路华青南路,0.0
108,青湖路华浦南路,0.0
108,青湖路华乐路,0.0
108,华乐路青湖路,0.0
108,青舟支路华乐路,0.0
108,浦仓路界泾港路,0.0
108,浦仓路体育场路,0.0
108,公园路浦仓路,0.0
108,公园路保安路,0.0
108,华浦路华科路,0.0
108,盈港东路华乐路,0.0
108,秀禾路崧泉路,0.0
109,盈港客运站,0.0
109,盈港路漕盈路(西),0.0
109,盈港路漕盈路,0.0
109,盈港路胜利路,0.0
109,盈港路万寿路,0.0
109,盈港路城中北路,0.0
109,城中北路万寿二路,0.0
109,城中北路青赵公路,0.0
109,城中北路三元路,0.0
109,城中南路城中东路,0.0
109,城中南路老朱青路,0.0
109,城中南路沪青平公路,0.0
109,青松路沪青平公路,0.0
109,青松路城中东路,0.0
109,城中东路章浜路,0.0
109,城中东路浦仓路,0.0
109,城中东路保安路,0.0
109,公园路外青松公路,0.0
109,公园东路华青路,0.0
109,公园东路华浦路,0.0
109,公园东路华乐路,0.0
109,华乐路华科路,0.0
109,盈港东路崧文路,0.0
109,盈港东路汇金路,0.0
109,汇金路站,0.0
109,漕盈路站,0.0
109,胜利路盈福路,0.0
109,青赵公路盈中西路,0.0
109,卫中路盈中西路,0.0
109,城中西路卫中路,0.0
109,五厍浜路城中西路,0.0
109,五厍浜路老朱青路,0.0
109,环城东路城中南路,0.0
109,北淀浦河路章浜路,0.0
109,浦仓路北淀浦河路,0.0
109,青龙路华青南路,0.0
109,青舟支路华民路,0.0
109,华浦南路青舟支路,0.0
109,盈港路青安路,0.0
109,青安路沙埭浜路,0.0
109,青安路医院路,0.0
109,外青松公路沪青平公路,0.0
109,青湖路外青松公路,0.0
109,青湖路华青南路,0.0
109,青湖路华浦南路,0.0
109,青湖路华乐路,0.0
109,华乐路青湖路,0.0
109,青舟支路华乐路,0.0
109,浦仓路界泾港路,0.0
109,浦仓路体育场路,0.0
109,公园路浦仓路,0.0
109,公园路保安路,0.0
109,华浦路华科路,0.0
109,盈港东路华乐路,0.0
109,秀禾路崧泉路,0.0
